"File";"created/VBN by/IN ([A-z]*)/NN ([A-z]*)/NN \(";"created/VBN by/IN [A-z]*/NN [A-z]*/NN \(/-LRB- and/CC ([A-z]*)/JJ ([A-z]*)/NN";"screenwriter[s]?/NN[S]? ([A-z]*)/(?:NN[S]?|JJ) ([A-z]*)/(?:NN|JJ)";"and/CC ([A-z]*)/JJ ([:lower:]*)/NNS \(/-LRB- \w*/NNS \w*/NN";"cinematographer/NN(?: ,/,)? ([A-z]*)/NN ([A-z]*)/NN";"cinematographer/NN(?: ,/,)? ([A-z]*)/NN ([A-z]*)/IN ([A-z]*)/NN";"oscar/NN winner/NN ([A-z]*)/VBG ([A-z]*)/NNS";"say/VB ([A-z]*)/NN and/CC \w*/NN";"say/VB \w*/NN and/CC ([A-z]*)/NN";"on/IN ([A-z]*)/NN the/DT ripper/NN ,";"would/MD be/VB like/IN saying/VBG ([A-z]*)/NN ([A-z]*)/NN is/VBZ";"directors/NNS\W*([A-z]*)/NN and/CC \w*/JJ \w*/NNS";"directors/NNS\W*\w*/NN and/CC ([A-z]*)/JJ ([A-z]*)/NNS";"([A-z]*)/NN ([A-z]*)/NN \(/-LRB- [_]?\w*/NN \w*/NN";"\w*/NN \w*/NN \(/-LRB- ([A-z]*)/NN ([A-z]*)/NN ,/,";"inspector/NN ([A-z]*)/NN ([A-z]*)/NN";"\w*/NN \w*/NN \(/-LRB- ([A-z]*)/JJ ([A-z]*)/NN";"named/VBN ([A-z]*)/JJ ([A-z]*)/NN";"named/VBN ([A-z]*)/JJ ([A-z]*)/NN";"made/VBD ([A-z]*)/JJ ([A-z]*)/NN a/DT star/NN";"\w*/JJ \w*/NN \(/-LRB- ([A-z]*)/NN ([A-z]*)/NN ,/,";"no/DT comments/NNS about/IN ([A-z]*)/JJ ([A-z]*)/NN";"like/IN a/DT ([A-z]*)/JJ ([A-z]*)/NN film/NN ";"([A-z]*)/NNS ([A-z]*)/VBP \(/-LRB- \w*/NN \w*/NN";"\w*/NNS \w*/VBP \(/-LRB- ([A-z]*)/NN ([A-z]*)/NN";"\)/-RRB- and/CC ([A-z]*)/NN \(";"(/-LRB- ([A-z]*)/NN ([A-z]*)/NN )/";"./. ([A-z]*)/NN ([A-z]*)/IN ([A-z]*)/NN high/JJ school/NN";"and/CC ([A-z]*)/NN 's/POS \w*/JJ sister/";"([A-z]*)/NN ([A-z]*)/NN plays/VBZ ";"([A-z]*)/NN ([A-z]*)/NN is/VBZ the/DT \w*/NN \w*/NNS of/IN";"\w*/NN \w*/NN is/VBZ the/DT ([A-z]*)/NN ([A-z]*)/NNS of/IN";"performance/NN from/IN ([A-z]*)/JJ ([A-z]*)/NN";"([A-z]*)/(?:RB|NN) ([A-z]*)/NN ,/, who";"\(/-LRB- ([A-z]*)/NN ([A-z]*)/PRP \)/-";"actor/NN ([A-z]*)/JJ ([A-z]*)/NN ";"is/VBZ ([A-z]*)/VBZ ,/, who/WP"
"cv000_29590.txt";" alan moore";" eddie campbell";" terry hayes";" rafael yglesias";" peter deming";;" martin childs";" moore , moore";" campbell , campbell";" jack";" michael jackson";" albert";" allen hughes";" arthouse crowd , peter godley";" robbie coltrane";" frederick abberline";" johnny depp";" mary kelly";" mary kelly";" steve guttenberg";" heather graham";" marilyn manson";" tim burton";" ians holm";" joe gould";" richardson";;;;;;;;;;;
"cv001_18431.txt";;;;;;;;;;;;;;" tracy flick , max fischer , _rushmore _";;;" reese witherspoon";;;;;;;;;;;" george washington carver";" paul";;;;;;;;
"cv002_15918.txt";;;;;;;;;;;;;;;;;;;;;;;;;;;;;;" meg ryan";;;;;;;
"cv003_11664.txt";;;;;;;;;;;;;;" martin brody";;;" richard dreyfuss";;;;;;;;;;;;;;;;;;;;
"cv004_11636.txt";;;;;;;;;;;;;;;;;;;;;;;;;;;;;;;" jackie chan";" barry sanders";;;;;
"cv005_29443.txt";;;;;;;;;;;;;;;;;" pascal nzonzi";;;;;;;;;;;;;;;;;;;;
"cv006_15448.txt";;;;;;;;;;;;;;;;;;;;;;;;;;;;;;;;;" edward norton";;;;
"cv007_4968.txt";;;;;;;;;;;;;;;;;;;;;;;;;;;;;;;;;;" molly ringwald";;;
"cv008_29435.txt";;;;;;;;;;;;;;" kasa vubu";;;" pascal nzonzi";;;;;;;;;;;;;;;;;;;;
"cv009_29592.txt";;;;;;;;;;;;;;;;;;;;;;;;;;;;;;;;;;;" rongguang yu";;
"cv010_29198.txt";;;;;;;;;;;;;;" boyfriend shawn";;;" whoopi goldberg , breckin meyer , amy smart";;;;;;;;;" blaine";;;;;;;;;;;
"cv011_12166.txt";;;;;;;;;;;;;;;;;;;;;;;;;;;;;;;;;;;;;
"cv012_29576.txt";;;;;;;;;;;;;;;;;;;;;;;;;;;;;;;;;;;;;" hopkins"
"cv013_10159.txt";;;;;;;;;;;;;;;;;" djimon hounsou";;;;;;;;;;;;;;;;;;;;
"cv014_13924.txt";;;;;;;;;;;;;;" danny roman";;;" kevin spacey , david morse";;;;;;;;;;;;;;;;;;;;
"cv015_29439.txt";;;;;;;;;;;;;;;;;;;;;;;;;;;;;;;;;;;;" dominic west";
"cv016_4659.txt";;;;;;;;;;;;;;;;;" barbara windsor";;;;;;;;;;;;;;;;;;;;
"cv017_22464.txt";;;;;;;;;;;;;;;;;;;;;;;;;;;;;;;;;;;;;
"cv018_20137.txt";;;;;;;;;;;;;;" eddie valiant";;;;;;;;;;;;;;;;;;;;;;;
"cv019_14482.txt";;;;;;;;;;;;;;;;;;;;;;;;;;;;;;;;;;;;;
"cv020_8825.txt";;;;;;;;;;;;;;" gary sinise";;;" broken arrow";;;;;;;;;;;;;;;;;;;;
"cv021_15838.txt";;;;;;;;;;;;;;" captain picard , ku woman";;;;;;;;;;;;;;;;;;;;;;;
"cv022_12864.txt";;;;;;;;;;;;;;;;;;;;;;;;;;;;;;;;;;;;;
"cv023_12672.txt";;;;;;;;;;;;;;;;;;;;;;;;;;;;;;;;;;;;;
"cv024_6778.txt";;;;;;;;;;;;;;;;;;;;;;;;;;;;;;;;;;;;;
"cv025_3108.txt";;;;;;;;;;;;;;;;;;;;;;;;;;;;;;;;;;;;;
"cv026_29325.txt";;;;;;;;;;;;;;;;;;;;;;;;;;;;;;;;;;;;;
"cv027_25219.txt";;;;;;;;;;;;;;;;;;;;;;;;;;;;;;;;;;;;;
"cv028_26746.txt";;;;;;;;;;;;;;;;;;;;;;;;;;;;;;;;;;;;;
"cv029_18643.txt";;;" alex proyas";;;;;;;;;;;;;;;;;;;;;;;;;;;;;;;;;;
"cv030_21593.txt";;;;;;;;;;;;;;;;;" salma hayek";;;;;;;;;;;;;;;;;;;;
"cv031_18452.txt";;;;;;;;;;;;;;" doting mother";" pernilla august";;;;;;;;;;;;;;;;;;;;;;
"cv032_22550.txt";;;;;;;;;;;;;;;;;;;;;;;;;;;;;;;;;;" rod steiger";;;
"cv033_24444.txt";;;;;;;;;;;;;;;;;" dead man";;;;;;;;;;;;;;;;;" curtis hanson";;;
"cv034_29647.txt";;;;;;;;;;;;;;;;;;;;;;;;;;;;;;;;;;;;;
"cv035_3954.txt";;;;;;;;;;;;;;;;;;;;;;;;;;;;;;;;;;;;;
"cv036_16831.txt";;;;;;;;;;;;;;" mie renier";;;;;;;;;;;;;;;;;;;;;;;
"cv037_18510.txt";;;;;;;;;;;;;;" anakin skywalker";;;;;;;;;;;;;;;;;;;;;;;
"cv038_9749.txt";;;;;;;;;;;;;;;;;;;;;;;;;;;;;;;;;;" ewan mcgregor";;;
"cv039_6170.txt";;;;;;;;;;;;;;;;;" ethan embry";;;;;;;;;;;;;;;;;;;;
"cv040_8276.txt";;;;;;;;;;;;;;;;;;;;;;;;;;;;;;;;;;" sylvester mccoy";;;
"cv041_21113.txt";;;;;;;;;;;;;;" girlfriend angela";" mena suvari";;" kevin spacey , annette bening";;;;;;;;;;;;;;;;;" alan ball";;;
"cv042_10982.txt";;;;;;;;;;;;;;;;;;;;;;;;;;;;;;;;;;;;;
"cv043_15013.txt";;;;;;;;;;;;;;;;;;;;;;;;;;;;;;;;;;;;;
"cv044_16969.txt";;;;;;;;;;;;;;;;;;;;;;;;;;;;;;;;;;;;;
"cv045_23923.txt";;;;;;;;;;;;;;" friend ratty , chris browne";;;" jamaican film";;;;;;;;;;;;;;;;;;;;
"cv046_10188.txt";;;;;;;;;;;;;;;;;;;;;;;;;;;;;;;;;;" brother buzz , shovel murderer";;;
"cv047_1754.txt";;;;;;;;;;;;;;" lawrence woolsley";;;;;;;;;;;;;;;;;;;;;;;
"cv048_16828.txt";;;;;;;;;;;;;;;;;;;;;;;;;;;;;;;;;;;;;
"cv049_20471.txt";;;;;;;;;;;;;;;;;;;;;;;;;;;;;;;;;;;;;
"cv050_11175.txt";;;;;;;;;;;;;;;;;;;;;;;;;;;;;;;;;;;;;
"cv051_10306.txt";;;;;;;;;;;;;;;;;" stellan skarsgard";;;;;;;;;;;;;;;;;" rudy baylor";;;
"cv052_29378.txt";;;;;;;;;;;;;;;;;;;;;;;;;;;;;;;;;;;;;
"cv053_21822.txt";;;;;;;;;;;;;;;;;;;;;;;;;;;;;;;;;;;;;
"cv054_4230.txt";;;;;;;;;;;;;;;;;" danny devito";;;;;;;;;;;;;;;;;;;;
"cv055_8338.txt";;;;;;;;;;;;;;;;;;;;;;;;;;;;;;;;;;" jerry fletcher";;;
"cv056_13133.txt";;;;;;;;;;;;;;;;;;;;;;;;;;;;;;;;;;;;;
"cv057_7453.txt";;;;;;;;;;;;;;;;;;;;;;;;;;;;;;;;;;;;;
"cv058_8025.txt";;;;;;;;;;;;;;;;;;;;;;;;;;;;;;;;;;;;;
"cv059_28885.txt";;;;;;;;;;;;;;" princess fiona";;;;;;;;;;;;;;;;;;;;;;;
"cv060_10844.txt";;;;;;;;;;;;;;;;;;;;;;;;;;;;;;;;;;;;;
"cv061_8837.txt";;;;;;;;;;;;;;" luke skywalker";;;;;;;;;;;;;;;;;;;;;;;
"cv062_23115.txt";;;;;;;;;;;;;;" kent mansley";;;;;;;;;;;;;;;;;;;;;;;
"cv063_28997.txt";;;;;;;;;;;;;;" pr director";;;" michele laroque , stanislas crevillen , gerard depardieu";;;;;;;;;;;;;;;;;" homosexual neighbor";;;
"cv064_24576.txt";;;;;;;;;;;;;;" son commodus";;;" richard harris";;;;;;;;;;;;;;;;;;;;
"cv065_15248.txt";;;;;;;;;;;;;;;;;;;;;;;;;;;;;;;;;;;;;
"cv066_10821.txt";;;;;;;;;;;;;;;;;;;;;;;;;;;;;;;;;;;;;
"cv067_19774.txt";;;;;" tak fujimoto";;;;;;;;;;;;;;;;;;;;;;;;;;;;;;;;
"cv068_13400.txt";;;;;;;;;;;;;;;;;;;;;;;;;;;;;;;;;;;;;
"cv069_10801.txt";;;;;;;;;;;;;;;;" anna manni";;;;;;;;;;;;;;;;;;;;;
"cv070_12289.txt";;;;;;;;;;;;;;;;;" alan boyle";;;;;;;;;;;;;;;;;;;;
"cv071_12095.txt";;;;;;;;;;;;;;" gloria sullivan";;;;;;;;;;;;;;;;;;;;;;;
"cv072_6169.txt";;;;;;;;;;;;;;" mitch hennessey";;;;;;;;;;;;;;;;;;;;;;;
"cv073_21785.txt";;;;;;;;;;;;;;;;;;;;;;;;;;;;;;;;;;;;;
"cv074_6875.txt";;;;;;;;;;;;;;;;;;;;;;;;;;;;;;" jackie chan";;;;;;;
"cv075_6500.txt";;;;;;;;;;;;;;;;;;;;;;;;;;;;;;;;;;;;;
"cv076_24945.txt";;;" toby emmerich";;;;;;;;;;;;;;" daniel henson";;;;;;;;;;;;;;;;;;;;
"cv077_22138.txt";;;;;;;;;;;;;;" deacon frost";;;;;;;;;;;;;;;;;;;;;;;
"cv078_14730.txt";;;;;;;;;;;;;;;;;" paramount pictures";;;;;;;;;;;;;;;;;;;;
"cv079_11933.txt";;;;;;;;;;;;;;;;;;;;;;;;;;;;;;;;;;;;;
"cv080_13465.txt";;;;;;;;;;;;;;;;;" danny glover";;;;;;;;;;;;;;;;;" rene russo";;;
"cv081_16582.txt";;;;;;;;;;;;;;" homer hickam , miss riley";;;;;;;;;;;;;;;;;;;;;;;
"cv082_11080.txt";;;;;;;;;;;;;;;;;;;;;;;;;;;;;;;;;;" joe morton , evan bonifant , johnny lang";;;
"cv083_24234.txt";;;;;;;;;;;;;;;;;" david duchovny";;;;;;;;;;;;;;;;;;;;
"cv084_13566.txt";;;;;;;;;;;;;;;;;;" blue bay";" blue bay";;;;;;;;;;;;;;;" neve campbell";;;
"cv085_1381.txt";;;;;;;;;;;;;;;;;;;;;;;;;;;;;;;;;;;;;
"cv086_18371.txt";;;" frank cottrell";;;;;;;;;;;" michael henderson";;;;;;;;;;;;;;;;;;;;;;;
"cv087_1989.txt";;;;;;;;;;;;;;;;;" emmanuelle beart";;;;;;;;;;;;;;;;;;;;
"cv088_24113.txt";;;;;;;;;;;;;;" sweetheart wayne";;;;;;;;;;;;;;;;;;;;;;;
"cv089_11418.txt";;;;;;;;;;;;;;;;;;;;;;;;;;;;;;" stockard channing";;;;;;;
"cv090_0042.txt";;;;;;;;;;;;;;;;;;;;;;;;;;;;;;;;;;;;;
"cv091_7400.txt";;;;;;;;;;;;;;;;;;;;;;;;;;;;;;;;;;;;;
"cv092_28017.txt";;;;;;;;;;;;;;;;;;;;;;;;;;;;;;;;;;;;;
"cv093_13951.txt";;;;;;;;;;;;;;;;;;;;;;;;;;;;;;;;;;;;;
"cv094_27889.txt";;;" james schamus";;;;;;;;;;;;;;;;;;;;;;;;;;;;;;;;;;
"cv095_28892.txt";;;;;;;;;;;;;;;;;" jay hernandez";;;;;;;;;;;;;;;;;;;;
"cv096_11474.txt";;;;;;;;;;;;;;;;;;;;;;;;;;;;;;;;;;;;;
"cv097_24970.txt";;;;;;;;;;;;;;;;;" michael douglas";;;;;;;;;;;;;;;;;;;;
"cv098_15435.txt";;;;;;;;;;;;;;;;;;;;;;;;;;;;;;;;;;;;;
"cv099_10534.txt";;;;;;" newton thomas sigel";;;;;;;;;;;" embeth davidtz , donald sutherland";;;;;;;;;;;;;;;;;;;;
"cv100_11528.txt";;;;;;;;;;;;;;" lawrence kasdan";" body heat";;;;;;;;;;;;;;;;;;;" star hunt";;;
"cv101_10175.txt";;;;;;;;;;;;;;" phyllis mann";;;;;;;;;;;;;;;;;;;;" flynn boyle";;;
"cv102_7846.txt";;;;;;;;;;;;;;;;;;;;;;;;;;;;;;;;;;;;;
"cv103_11021.txt";;;;;;;;;;;;;;;;;;;;;;;;;;;;;;;;;;;;;
"cv104_18134.txt";;;;;;;;;;;;;;;;;;;;;;;;;;;;;;;;;;;;;
"cv105_17990.txt";;;;;;;;;;;;;;;;;;;;;;;;;;;;;;;;;;;;;
"cv106_16807.txt";;;;;;;;;;;;;;;;;;;;;;;;;;;;;;;;;;;;;
"cv107_24319.txt";;;;;;;;;;;;;;;;;;;;;;;;;;;;;;;;;;;;;
"cv108_15571.txt";;;;;;;;;;;;;;;;;;;;;;;;;;;;;;;;;;;;;
"cv109_21172.txt";;;;;;;;;;;;;;;;;;;;;;;;;;;;;;;;;;" cubicle clone";;;
"cv110_27788.txt";;;;;;;;;;;;;;;;;;;;;;;;;;;;;;;;;;;;;
"cv111_11473.txt";;;;;;;;;;;;;;;;;;;;;;;;;;;;;;;;;;;;;
"cv112_11193.txt";;;;;;;;;;;;;;" conread brean , stanley motss";;;;;;;;;;;;;;;;;;;;;;;
"cv113_23102.txt";;;;;;;;;;;;;;;;;;;;;;;;;;;;;;;;;;;;;
"cv114_18398.txt";;;;;;;;;;;;;;;;;;;;;;;;;;;;;;;;;;;;;
"cv115_25396.txt";;;" karey kirkpatrick";;;;;;;;;;;;;;;;;;;;;;;;;;;;;;;;;;
"cv116_28942.txt";;;;;;;;;;;;;;" alan grant , ellie sattler";;;;;;;;;;;;;;;;;;;;;;;
"cv117_24295.txt";;;;;;;;;;;;;;;;;;;;;;;;;;;;;;" john cusack";;;;;;;
"cv118_28980.txt";;;;;;;;;;;;;;;;;;;;;;;;;;;;;;;;;;;;;
"cv119_9867.txt";;;;;;;;;;;;;;;;;;;;;;;;;;;;;;" pierce brosnan";;;;;;;
"cv120_4111.txt";;;;;;;;;;;;;;" van sant";" drugstore cowboy";;;;;;;;;;;;;;;;;;;;;;
"cv121_17302.txt";;;;;" elliot davis";;;;;;;;;" fiancee bridget";;;;;;;;;;;;;;;;;;;;;;;
"cv122_7392.txt";;;;;;;;;;;;;;" character groeteschele";;;" larry hagman";;;;;;;;;;;;;;;;;;;;
"cv123_11182.txt";;;;;;;;;;;;;;;;;;;;;;;;;;;;;;;;;;;;;
"cv124_4122.txt";;;;;;;;;;;;;;;;;;;;;;;;;;;;;;;;;;;;;
"cv125_9391.txt";;;;;;;;;;;;;;;;;;;;;;;;;;;;;;;;;;;;;
"cv126_28971.txt";;;;;;;;;;;;;;;;;;;;;;;;;;;;;;;;;;;;;
"cv127_14711.txt";;;;;;;;;;;;;;;;;;;;;;;;;;;;;;;;;;;;;
"cv128_29627.txt";;;;;;;;;;;;;;;;;;;;;;;;;;;;;;;;;;;;;
"cv129_16741.txt";;;;;;;;;;;;;;;;;;;;;;;;;;;;;;" point benigni";;;;;;;
"cv130_17083.txt";;;;;;;;;;;;;;;;;" olivia williams";;;;;;;;;;;;;;;;;;;;
"cv131_10713.txt";;;;;;;;;;;;;;;;;;;;;;;;;;;;;;;;;;;;;
"cv132_5618.txt";;;;;;;;;;;;;;;;;;;;;;;;;;;;;;;;;;;;;
"cv133_16336.txt";;;;;;;;;;;;;;;;;;;;;;;;;;;;;;;;;;" john travolta , george clooney";;;
"cv134_22246.txt";;;;;;;;;;;;;;;;;;;;;;;;;;;;;;;;;;;;;
"cv135_11603.txt";;;;;;;;;;;;;;;;;;;;;;;;;;;;;;;;;;;;;
"cv136_11505.txt";;;;;;;;;;;;;;;;;;;;;;;;;;;;;;;;;;;;;
"cv137_15422.txt";;;;;;;;;;;;;;;;;;;;;;;;;;;;;;;;;;;;;
"cv138_12721.txt";;;;;;;;;;;;;;;;;;;;;;;;;;;;;;;;;;;;;
"cv139_12873.txt";;;;;;;;;;;;;;" ernie bragg";;;" kenneth williams , patsy rowlands";;;;;;;;;" carol";;;;;;;;;;;
"cv140_7479.txt";;;;;;;;;;;;;;" ruby rhod";;;" maiwenn lebesco";;;;;;;;;;;;;;;;;;;;
"cv141_15686.txt";;;;;;;;;;;;;;;;;;;;;;;;;;;;;;;;;;;;;
"cv142_22516.txt";;;;;;;;;;;;;;" wilbur larch , candy kendall";" michael caine , charlize theron";;;;;;;;;;;;;;;;;;;;;;
"cv143_19666.txt";;;;;;;;;;;;;;;;;" richard gere";;;;;;;;;;;;;;;;;;;;
"cv144_5007.txt";;;;;;;;;;;;;;;;;;;;;;;;;;;;;;;;;;;;;
"cv145_11472.txt";;;;;;;;;;;;;;;;;;;;;;;;;;;;;;;;;;;;;
"cv146_18458.txt";;;;;;;;;;;;;;;;;;;;;;;;;;;;;;;;;;" luke skywalker";;;
"cv147_21193.txt";;;;;;;;;;;;;;;;;;;;;;;;;;;;;;;;;;;;;
"cv148_16345.txt";;;;;;;;;;;;;;;;;;;;;;;;;;;;;;;;;;" jay bulworth";;;
"cv149_15670.txt";;;;;;;;;;;;;;;;;" liar liar";;;;;;;;;;;;;" monica potter";;;;;;;
"cv150_12916.txt";;;;;;;;;;;;;;;;;" anne heche";;;;;;;;;;;;;;;;;" mostly robin";;;
"cv151_15771.txt";;;;;;;;;;;;;;" pharaoh seti";;;;;;;;;;;;;;;;;;;;;;;
"cv152_8736.txt";;;;;;;;;;;;;;;;;;;;;;;;;;;;;;;;;;;;;
"cv153_10779.txt";;;;;;;;;;;;;;;;;" helen hunt";;;;;;;;;;;;;;;;;;;;
"cv154_9328.txt";;;;;" robert richardson";;;;;;;;;;;;;;;;;;;;;;;;;;;;;" clyde beatty";;;
"cv155_7308.txt";;;;;;;;;;;;;;;;;;;;;;;;;;;;;;;;;;;;;
"cv156_10481.txt";;;;;;;;;;;;;;;;;;;;;;;;;;;;;;;;;;;;;
"cv157_29372.txt";;;;;;;;;;;;;;;;;;;;;;;;;;;;;;;;;;;;;
"cv158_10390.txt";;;;;;;;;;;;;;" emily montgomery , cameron drake , tom halliwell , peter malloy";;;;;;;;;;;;;;;;;;;;;;;
"cv159_29505.txt";;;;;;;;;;;;;;" bobby garfield , carol gerber";;;;;;;;;;;;;;;;;;;;" william goldman";;;
"cv160_10362.txt";;;;;;;;;;;;;;;;;;;;;;;;;;;;;;;;;;;;;
"cv161_11425.txt";;;;;;;;;;;;;;" wife grace";;;;;;;;;;;;;;;;;;;;;;;
"cv162_10424.txt";;;;;;;;;;;;;;" debbie salt";;;" david arquette , timothy olyphant , duane martin";;;;;;;;;;;;;;;;;;;;
"cv163_10052.txt";;;;;;;;;;;;;;;;;;;;;;;;;;;;;;;;;;;;;
"cv164_22447.txt";;;;;;;;;;;;;;" ralphie parker";;;;;;;;;;;;;;;;;;;;" jean shepard";;;
"cv165_22619.txt";;;;;;;;;;;;;;" phil parma , jimmy gator , stanley spector";;;" julianne moore";;;;;;;;;;;;;;;;;;;;
"cv166_11052.txt";;;;;;;;;;;;;;" david drumlin";;;;;;;;;;;;;;;;;;;;;;;
"cv167_16376.txt";;;;;;;;;;;;;;;;;;;;;;;;;;;;;;;;;;;;;
"cv168_7050.txt";;;;;;;;;;;;;;;;;;;;;;;;;;;;;;;;;;;;;
"cv169_23778.txt";;;;;;;;;;;;;;;;;;;;;;;;;;;;;;;;;;;;;
"cv170_3006.txt";;;;;;;;;;;;;;;;;" mary stuart";;;;;;;;;;;;;;;;;;;;
"cv171_13537.txt";;;;;;;;;;;;;;" pat healy , friend dom , addict magda";;;;;;;;;;;;;;;;;;;;;;;
"cv172_11131.txt";;;;;;;;;;;;;;;;;" javier bardem";;;;;;;;;;;;;;;;;;;;
"cv173_4471.txt";;;;;;;;;;;;;;;;;;;;;;;;;;;;;;;;;;;;;
"cv174_9659.txt";;;;;;;;;;;;;;;;;;;;;;;;;;;;;;;;;;;;;
"cv175_6964.txt";;;;;;;;;;;;;;;;;;;;;;;;;;;;;;;;;;;;;
"cv176_12857.txt";;;;;;;;;;;;;;;;;;;;;;;;;;;;;;;;;;" stuart smalley";;;
"cv177_10367.txt";;;;;;;;;;;;;;;;;;;;;;;;;;;;;;;;;;;;;
"cv178_12972.txt";;;;;;;;;;;;;;;;;" ed harris , noah emmerich";;;;;;;;;;;;;;;;;;;;
"cv179_9228.txt";;;;;;;;;;;;;;;;;;;;;;;;;;;;;;;;;;;;;
"cv180_16113.txt";;;;;;;;;;;;;;;;;;;;;;;;;;;;;;;;;;" bob thorton";;;
"cv181_14401.txt";;;;;;;;;;;;;;;;;;;;;;;;;;" joe";;;;;;;;;;;
"cv182_7281.txt";;;;;;;;;;;;;;;;;;;;;;;;;;;;;;" val kilmer";;;;;;;
"cv183_18612.txt";;;;;;;;;;;;;;;;;;;;;;;;;;;;;;;;;;;;;
"cv184_2673.txt";;;;;;;;;;;;;;;;;;;;;;;;;;;;;;;;;;;;;
"cv185_28654.txt";;;;;;;;;;;;;;;;;;;;;;;;;;;;;;;;;;;;;
"cv186_2269.txt";;;;;;;;;;;;;;" wife miranda";;;;;;;;;;;;;;;;;;;;;;;
"cv187_12829.txt";;;;;;;;;;;;;;;;;;;;;;;;;;;;;;;;;;;;;
"cv188_19226.txt";;;;;;;;;;;;;;" wife dionna , girl ruby";;;" adrien brody";;;;;;;;;;;;;;;;;;;;
"cv189_22934.txt";;;;;;;;;;;;;;;;;;;;;;;;;;;;;;;;;;;;;
"cv190_27052.txt";;;;;;;;;;;;;;;;;" david morse";;;;;;;;;;;;;;;;;;;;
"cv191_29719.txt";;;" marc klein";;;;;;;;;;;" john trager";;;;;;;;;;;;;;;;;;;;;;;
"cv192_14395.txt";;;;;;;;;;;;;;;;;" joseph mazzello";;;;;;;;;;;;;;;;;;;;
"cv193_5416.txt";;;;;;;;;;;;;;" joe cabot";;;;;;;;;;;;;;;;;;;;;;;
"cv194_12079.txt";;;;;;;;;;;;;;;;;;;;;;;;;;;;;;;;;;;;;
"cv195_14528.txt";;;;;;;;;;;;;;;;;;;;;;;;;;;;;;;;;;;;;
"cv196_29027.txt";;;;;;;;;;;;;;;;;;" silent bob";" silent bob";;;;;;;" chrissy";;;;;;;;;;;
"cv197_29328.txt";;;;;;;;;;;;;;" husband jean";;;;;;;;;;;;;;;;;;;;" jeanne lapoirie";;;
"cv198_18180.txt";;;;;;;;;;;;;;;;;;;;;;;;;;;;;;;;;;;;;
"cv199_9629.txt";;;;;;;;;;;;;;;;;;;;;;;;;;;;;;;;;;;;;
"cv200_2915.txt";;;;;;;;;;;;;;;;;;;;;;;;;;;;;;;;;;;;;
"cv201_6997.txt";;;;;;;;;;;;;;;;;" ewan mcgregor";;;;;;;;;;;;;;;;;;;;
"cv202_10654.txt";;;;;;;;;;;;;;;;;;;;;;;;;;;;;;;;;;;;;
"cv203_17986.txt";;;;;;;;;;;;;;;;;;;;;;;;;;;;;;;;;;;;;
"cv204_8451.txt";;;;;;;;;;;;;;" dance studio";;;;;;;;;;;;;;;;;;;;;;;
"cv205_9457.txt";;;;;;;;;;;;;;;;;;;;;;;;;;;;;;;;;;;;;
"cv206_14293.txt";;;;;;;;;;;;;;;;;;;;;;;;;;;;;;;;;;" lea salonga , june foray , marni nixon";;;
"cv207_29284.txt";;;;;;;;;;;;;;;;;;;;;;;;;;;;;;;;;;;;;
"cv208_9020.txt";;;;;;;;;;;;;;;;;;;;;;;;;;;;;;;;;;;;;
"cv209_29118.txt";;;;;;;;;;;;;;" blood cell";;;" runny nose";;;;;;;;;;;;;;;;;;;;
"cv210_9312.txt";;;;;;;;;;;;;;;;;;;;;;;;;;;;;;;;;;;;;
"cv211_9953.txt";;;;;;;;;;;;;;" carter burke , android bishop";;;;;;;;;;;;;;;;;;;;" renny harlin";;;
"cv212_10027.txt";;;;;;;;;;;;;;;;;" danny devito";;;;;;;;;;;;;" jon voight";;;;;;;
"cv213_18934.txt";;;;;;;;;;;;;;;;;;;;;;;;;;;;;;;;;;;;;
"cv214_12294.txt";;;;;;;;;;;;;;;;;;;;;;;;;;;;;;;;;;;;;
"cv215_22240.txt";;;;;" remi adafarasin";;;;;;;;;;;;;;;;;;;;;;;;;;;;;;;;
"cv216_18738.txt";;;;;;;;;;;;;;" patricia richardson";;;;;;;;;;;;;;;;;;;;;;;
"cv217_28842.txt";;;;;;;;;;;;;;;;;;;;;;;;;;;;;;;;;;;;;
"cv218_24352.txt";;;;;;;;;;;;;;;;;;;;;;;;;;;;;;;;;;;;;
"cv219_18626.txt";;;;;;;;;;;;;;;;;;;;;;;;;;;;;;;;;;;;;
"cv220_29059.txt";;;;;;;;;;;;;;" woman daughter";;;;;;;;;;;;;;;;;;;;;;;
"cv221_2695.txt";;;;;;;;;;;;;;;;;;;;;;;;;;;;;;;;;;;;;
"cv222_17395.txt";;;;;;;;;;;;;;;;;;;;;;;;;;;;;;;;;;;;;
"cv223_29066.txt";;;;;;;;;;;;;;;;;;;;;;;;;;;;;;;;;;;;;
"cv224_17661.txt";;;;;;;;;;;;;;;;;;;;;;;;;;;;;;;;;;;;;
"cv225_29224.txt";;;" andy breckman";;;;;;;;;;;" casino owner";;;" breckin meyer";;;;;;;;;;;;;;;;;" jerry zucker";;;
"cv226_2618.txt";;;;;;;;;;;;;;;;;;;;;;;;;;;;;;;;;;" billy crystal";;;
"cv227_24215.txt";;;;;;;;;;;;;;;;;;;;;;;;;;;;;;;;;;;;;
"cv228_5806.txt";;;;;;;;;;;;;;;;;;;;;;;;;;;;;;;;;;;;;
"cv229_13611.txt";;;;;;;;;;;;;;;;;;;;;;;;;;;;;;;;;;;;;
"cv230_7428.txt";;;;;;;;;;;;;;;;;;;;;;;;;;;;;;;;;;;;;
"cv231_10425.txt";;;;;;;;;;;;;;" ordell robbie , max cherry , girl melanie";;;" michael bowen";;;;;;;;;;;;;;;;;" max cherry";;;
"cv232_14991.txt";;;;;;;;;;;;;;;;;;;;;;;;;;;;;;;;;;;;;
"cv233_15964.txt";;;;;;;;;;;;;;" butterfly hypsy , spider rosie";;;" jonathan harris";;;;;;;;;;;;;;;;;" louis dreyfuss";;;
"cv234_20643.txt";;;;;;;;;;;;;;;;;;;;;;;;;;;;;;" bruce willis";;;;;;;
"cv235_10217.txt";;;;;;;;;;;;;;;;;" jimmy stewart";;;;;;;;;;;;;;;;;;;;
"cv236_11565.txt";;;;;;;;;;;;;;" sam lombardo , van ryan , suzie toller";;;;;;;;;;;;;;;;;;;;;;;
"cv237_19221.txt";;;;;;;;;;;;;;" office worker";;;;;;;;;;;;;;;;;;;;;;;
"cv238_12931.txt";;;;;;;;;;;;;;;;;;;;;;;;;;;;;;;;;;;;;
"cv239_3385.txt";;;;;;;;;;;;;;;;;;;;;;;;;;;;;;" jason leigh";;;;;;" ellen muth";
"cv240_14336.txt";;;;;;;;;;;;;;;;;;;;;;;;;;;;;;;;;;;;;
"cv241_23130.txt";;;" ehren kruger";;;;;;;;;;;" sidney prescott";;;" arlington road";;;;;;;;;;;;;;;;;;;;
"cv242_10638.txt";;;;;;;;;;;;;;;;;;;;;;;;;;;;;;;;;;;;;
"cv243_20728.txt";;;;;;;;;;;;;;" bodyguard jelly";;;;;;;;;;;;;;;;;;;;" billy crystal";;;
"cv244_21649.txt";;;;;;;;;;;;;;" business partner";;;;;;;;;;;;;;;;" john cusack";;;;" spike jonze";;;
"cv245_8569.txt";;;;;;;;;;;;;;;;;;;;;;;;;;;;;;;;;;;;;
"cv246_28807.txt";;;;;;;;;;;;;;;;;;;;;;;;;;;;;;;;;;" uncle benny , dylan baker";;;
"cv247_13142.txt";;;;;;;;;;;;;;;;;;;;;;;;;;;;;;;;;;" dennis farina";;;
"cv248_13987.txt";;;;;;;;;;;;;;" marcy dawson";" pamela hart";;;;;;;;;;;;;;;;;;;;;;
"cv249_11640.txt";;;;;;;;;;;;;;;;;;;;;;;;;;;;;;;;;;;;;
"cv250_25616.txt";;;;;;;;;;;;;;;;;;;;;;;;;;;;;;;;;;;;;
"cv251_22636.txt";;;;;;;;;;;;;;;;;;;;;;;;;;;;;;;;;;" tom cruise";;;
"cv252_23779.txt";;;;;;;;;;;;;;" john boyd";;;;;;;;;;;;;;;;;;;;;;;
"cv253_10077.txt";;;;;;;;;;;;;;;;;" stellan skarsgard";;;;;;;;;;;;;;;;;;;;
"cv254_6027.txt";;;;;;;;;;;;;;;;;;;;;;;;;;;;;;;;;;;;;
"cv255_13683.txt";;;;;;;;;;;;;;;;;;;;;;;;;;;;;;;;;;;;;
"cv256_14740.txt";;;;;;;;;;;;;;" friend weaver , princess bala , colonel cutter";;;;;;;;;;;;;;;;" jennifer lopez";;;;;;;
"cv257_10975.txt";;;;;;;;;;;;;;;;;;;;;;;;;;;;;;;;;;" jon lovitz";;;
"cv258_5792.txt";;;;;;;;;;;;;;;;;;;;;;;;;;;;;;;;;;;;;
"cv259_10934.txt";;;;;;;;;;;;;;;;;;;;;;;;;;;;;;;;;;;;;
"cv260_13959.txt";;;;;;;;;;;;;;;;;;;;;;;;;;;;;;;;;;;;;
"cv261_10954.txt";;;;;;;;;;;;;;;;;;;;;;;;;;;;;;;;;;" jack dawson";;;
"cv262_12649.txt";;;;;;;;;;;;;;;;;" oliver platt";;;;;;;;;;;;;" warren beatty";;;;;;;
"cv263_19259.txt";;;;;;;;;;;;;;;;;;;;;;;;;;;;;;;;;;;;;
"cv264_12801.txt";;;;;;;;;;;;;;;;;;;;;;;;;;;;;;;;;;;;;
"cv265_10814.txt";;;;;;;;;;;;;;;;;;;;;;;;;;" floyd";;;;;;;;" film director";;;
"cv266_25779.txt";;;;;;;;;;;;;;;;;;;;;;;;;;;;;;;;;;" natalie portman";;;
"cv267_14952.txt";;;;;;;;;;;;;;;;;;;;;;;;;;;;;;;;;;;;;
"cv268_18834.txt";;;;;;;;;;;;;;;;;;;;;;;;;;;;;;;;;;;;;
"cv269_21732.txt";;;;;;;;;;;;;;;;;;;;;;;;;;;;;;;;;;;;;
"cv270_6079.txt";;;;;;;;;;;;;;;;;" iggy pop";;;;;;;;;;;;;;;;;;;;
"cv271_13837.txt";;;;;;;;;;;;;;;;;;;;;;;;;;;;;;;;;;;;;
"cv272_18974.txt";;;;;;;;;;;;;;;;;;;;;;;;;;;;;;;;;;;;;
"cv273_29112.txt";;;;;;;;;;;;;;" railroad worker";;;;;;;;;;;;;;;;;;;;;;;
"cv274_25253.txt";;;" karey kirkpatrick";;;;;;;;;;;;;;;;;;;;;;;;;;;;;;;;;;
"cv275_28887.txt";;;;;;;;;;;;;;;;;;;;;;;;;;;;;;;;;;;;;
"cv276_15684.txt";;;;;;;;;;;;;;" liz bailey";;;;;;;;;;;;;;;;;;;;;;;
"cv277_19091.txt";;;;;;;;;;;;;;;;;;;;;;;;;;;;;;;;;;;;;
"cv278_13041.txt";;;;;;;;;;;;;;" father dixon , sidekick clyde";;;" kenneth branagh , embeth davidzt";;;;;;;;;;;;;;;;;" robert altman";;;
"cv279_18329.txt";;;;;;;;;;;;;;" homer hickam , miss riley";;;;;;;;;;;;;;;;;;;;;;;
"cv280_8267.txt";;;;;;;;;;;;;;;;;;;;;;;;;;;;;;;;;;;;;
"cv281_23253.txt";;;;;;;;;;;;;;;;;;;;;;;;;;;;;;;;;;;;;
"cv282_6653.txt";;;;;;;;;;;;;;;;;" frank van";;;;;;;;;;;;;" van damme";;;;;;;
"cv283_11055.txt";;;;;;;;;;;;;;;;;;;;;;;;;;;;;;;;;;;;;
"cv284_19119.txt";;;;;;;;;;;;;;;;;" brian blessed";;;;;;;;;;;;;;;;;;;;
"cv285_16494.txt";;;;;;;;;;;;;;;;;;;;;;;;;;;;;;;;;;;;;
"cv286_25050.txt";;;;;;;;;;;;;;;;;;;;;;;;;;;;;;;;;;;;;
"cv287_15900.txt";;;;;;;;;;;;;;;;;;;;;;;;;;;;;;;;;;;;;
"cv288_18791.txt";;;;;;;;;;;;;;;;;;;;;;;;;;;;;;;;;;;;;
"cv289_6463.txt";;;;;;;;;;;;;;" luc picard , borg queen , century stowaway";;;" levar burton";;;;;;;;;;;;;;;;;;;;
"cv290_11084.txt";;;;;;;;;;;;;;" theodore joadson";;;" djimon hounsou , stellan skarsgard";;;;;;;;;;;;;;;;;;;;
"cv291_26635.txt";;;;;;;;;;;;;;;;;;;;;;;;;;;;;;;;;;;;;
"cv292_7282.txt";;;;;;;;;;;;;;;;;;;;;;;;;;;;;;;;;;;;;
"cv293_29856.txt";;;;;;;;;;;;;;;;;;;;;;;;;;;;;;;;;;;;;
"cv294_11684.txt";;;;;" roger deakins";;;;;;;;;" walter sobchak , jesus quintana";;;" david huddleston , ben gazzara";;;;;;;;;;;;;;;;;" peter stormare , john goodman";;;
"cv295_15570.txt";;;;;;;;;;;;;;;;;;;;;;;;;;;;;;;;;;;;;
"cv296_12251.txt";;;;;;;;;;;;;;;;;;;;;;;;;;;;;;;;;;;;;
"cv297_10047.txt";;;;;;;;;;;;;;;;;;;;;;;;;;;;;;;;;;;;;
"cv298_23111.txt";;;;;;;;;;;;;;" toy collector , piggy bank";;;" tim allen";;;;;;;;;;;;;;;;;;;;
"cv299_16214.txt";;;;;;;;;;;;;;;;;;;;;;;;;;;;;;;;;;;;;
"cv300_22284.txt";;;;;;;;;;;;;;" paul edgecomb";;;" michael jeter";;;;;;;;;;;;;;;;;;;;
"cv301_12146.txt";;;;;;;;;;;;;;;;;;;;;;;;;;;;;;;;;;;;;
"cv302_25649.txt";;;;;;;;;;;;;;;;;;;;;;;;;;;;;;;;;;" lee wilson";;" dave ward";
"cv303_27520.txt";;;;;;;;;;;;;;" annie wilson , valerie barksdale , jessica king";;;" giovanni ribisi";;;;;;;;;;;;;;;;;;;;
"cv304_28706.txt";;;;;;;;;;;;;;;;;;;;;;;;;;;;;;;;;;;;;
"cv305_9946.txt";;;;;;;;;;;;;;" allan pearl";;;;;;;;;;;;;;;;;;;;" christopher guest";;;
"cv306_10364.txt";;;;;;;;;;;;;;" van sant";" drugstore cowboy";;" stellan skarsgard";;;;;;;;;;;;;;;;;" matt damon";;;
"cv307_25270.txt";;;;;;;;;;;;;;;;;;;;;;;;;;;;;;;;;;;;;
"cv308_5016.txt";;;;;;;;;;;;;;;;;;;;;;;;;;;;;;;;;;;;;
"cv309_22571.txt";;;;;;;;;;;;;;;;;;;;;;;;;;;;;;;;;;;;;
"cv310_13091.txt";;;;;;;;;;;;;;;;;;;;;;;;;;;;;;;;;;;;;
"cv311_16002.txt";;;;;;;;;;;;;;" aging patriarch";;;;;;;;;;;;;;;;;;;;;;;
"cv312_29377.txt";;;;;;;;;;;;;;" lord farquaad";;;;;;;;;;;;;;;;;;;;" computer animation";;;
"cv313_18198.txt";;;;;;;;;;;;;;" jim mcallister";;;" reese witherspoon";;;;;;;;;;;;;;;;;;;;
"cv314_14422.txt";;;;;;;;;;;;;;;;;" brad majors";;;;;;;;;;;;;;;;;;;;
"cv315_11629.txt";;;;;;;;;;;;;;" brock lovett";;;;;;;;;;;;;;;;;;;;;;;
"cv316_6370.txt";;;;;;;;;;;;;;;;;" delroy lindo";;;;;;;;;;;;;;;;;;;;
"cv317_24049.txt";;;;;;;;;;;;;;;;;;;;;;;;;;;;;;;;;;" store owner";;;
"cv318_10493.txt";;;;;;;;;;;;;;" geek randy , sidney prescott";;;;;;;;;;;;;;;;;;;;;;;
"cv319_14727.txt";;;;;;;;;;;;;;;;;;;;;;;;;;;;;;;;;;" peter cattaneo";;;
"cv320_9530.txt";;;;;;;;;;;;;;" irene cassini";;;" jude law";;;;;;;;;;;;;;;;;;;;
"cv321_12843.txt";;;;;;;;;;;;;;;;;;;;;;;;;;;;;;;;;;;;;
"cv322_20318.txt";;;;;;;;;;;;;;;;;;;;;;;;;;;;;;;;;;;;;
"cv323_29805.txt";;;;;;;;;;;;;;;;;;;;;;;;;;;;;;;;;;;;;
"cv324_7082.txt";;;;;;;;;;;;;;;;;;;;;;;;;;;;;;;;;;;;;
"cv325_16629.txt";;;;;;;;;;;;;;" school teacher";" nicoletta braschi";;;;;;;;;;;;;;;;;;;;;;
"cv326_13295.txt";;;;;;;;;;;;;;;;;;;;;;;;;;;;;;;;;;;;;
"cv327_20292.txt";;;;;;;;;;;;;;;;;;;;;;;;;;;;;;;;;;;;;
"cv328_10373.txt";;;;;;;;;;;;;;" ordell robbie , girlfriend melanie";;;;;;;;;;;;;;;;;;;;;;;
"cv329_29370.txt";;;;;;;;;;;;;;;;;;;;;;;;;;;;;;;;;;;;;
"cv330_29809.txt";;;;;;;;;;;;;;;;;" danny devito";;;;;;;;;;;;;;;;;;;;
"cv331_8273.txt";;;;;;;;;;;;;;;;;;;;;;;;;;;;;;;;;;;;;
"cv332_16307.txt";;;;;;;;;;;;;;" masseur virgil";;;;;;;;;;;;;;;;;;;;" mira sorvino";;;
"cv333_8916.txt";;;;;;;;;;;;;;;;;;;;;;;;;;;;;;;;;;;;;
"cv334_10001.txt";;;;;;;;;;;;;;;;;;;;;;;;;;;;;;;;;;;;;
"cv335_14665.txt";;;;;;;;;;;;;;;;;;;;;;;;;;;;;;;;;;;;;
"cv336_10143.txt";;;;;;;;;;;;;;;;;" david warner";;;;;;;;;;;;;;;;;" sidney prescott , michelle gellar";;;
"cv337_29181.txt";;;;;;;;;;;;;;" law jack , partner nagle";" peter donat , raymond barry";;" goran visnjic";;;;;;;;;;;;;;;;;;;;
"cv338_8821.txt";;;;;;;;;;;;;;;;;" executive decision";;;;;;;;;;;;;;;;;;;;
"cv339_21119.txt";;;;;;;;;;;;;;;;;" homosexual lovers";;;;;;;;;;;;;;;;;;;;
"cv340_13287.txt";;;;;;;;;;;;;;;;;;;;;;;;;;;;;;;;;;;;;
"cv341_24430.txt";;;;;;;;;;;;;;" son commodus , sister lucilla";;;" richard harris";;;;;;;;;;;;;;;;;;;;
"cv342_19456.txt";;;;;;;;;;;;;;;;;;;;;;;;;;;;;;;;;;;;;
"cv343_10368.txt";;;;;;;;;;;;;;;;;;;;;;;;;;;;;;;;;;" mark harmon";;;
"cv344_5312.txt";;;;;;;;;;;;;;;;;;;;;;;;;;;;;;;;;;;;;
"cv345_9954.txt";;;;;;;;;;;;;;;;;;;;;;;;;;;;;;;;;;" david fincher";;;
"cv346_18168.txt";;;;;;;;;;;;;;;;;;;;;;;;;;;;;;;;;;;;;
"cv347_13194.txt";;;;;;;;;;;;;;" karen sisco";;;" ving rhames";;;;;;;;;;;;;;;;;" jack foley";;;
"cv348_18176.txt";;;;;;;;;;;;;;" programmer neo";;;;;;;;;;;;;;;;;;;;;;;
"cv349_13507.txt";;;;;;;;;;;;;;;;;;;;;;;;;;;;;;;;;;;;;
"cv350_20670.txt";;;;;;;;;;;;;;" wife carolyn";;;" thora birch";;;;;;;;;;;;;;;;;;;;
"cv351_15458.txt";;;;;" remi adefarasin";;;;;;;;;;;;;;;;;;;;;;;;;;;;;;;;
"cv352_5524.txt";;;;;;;;;;;;;;" wife lori";;;" arnold schwarzenegger , fake memory";;;;;;;;;;;;;;;;;;;;
"cv353_18159.txt";;;;;;;;;;;;;;;;;;;;;;;;;;;;;;;;;;;;;
"cv354_8132.txt";;;;;;;;;;;;;;;;;;;;;;;;;;;;;;;;;;;;;
"cv355_16413.txt";;;;;;;;;;;;;;;;;;;;;;;;;;;;;;;;;;;;;
"cv356_25163.txt";;;;;;;;;;;;;;" redcoat colonel";;;;;;;;;;;;;;;;;;;;" war veteran";;;
"cv357_13156.txt";;;;;;;;;;;;;;;;;;;;;;;;;;;;;;;;;;;;;
"cv358_10691.txt";;;;;;;;;;;;;;;;;" brian cox";;;;;;;;;;;;;;;;;;;;
"cv359_6647.txt";;;;;;;;;;;;;;;;;;;;;;;;;;;;;;;;;;;;;
"cv360_8398.txt";;;;;;;;;;;;;;;;;" gary oldman";;;;;;;;;;;;;;;;;;;;
"cv361_28944.txt";;;;;;;;;;;;;;" vinie butler";;;;;;;;;;;;;;;;;;;;;;;
"cv362_15341.txt";;;;;;;;;;;;;;" queen mary , francis walsingham";" geoffrey rush";;" joseph fiennes";;;;;;;;;;;;;;;;;;;;
"cv363_29332.txt";;;;;;;;;;;;;;;;;;;;;;;;;;;;;;;;;;;;;
"cv364_12901.txt";;;;;;;;;;;;;;" rumpo kid , annie oakley";;;" kenneth williams";;;;;;;;;;;;;;;;;;;;
"cv365_11576.txt";;;;;;;;;;;;;;;;;;;;;;;;;;;;;;;;;;;;;
"cv366_10221.txt";;;;;;;;;;;;;;" mother janey , daughter wendy";;;" elijah wood , kevin kline";;;;;;;;;;;;;" tobey maguire";;;;;;;
"cv367_22792.txt";;;;;;;;;;;;;;" maurice bendrix";;;;;;;;;;;;;;;;;;;;;;;
"cv368_10466.txt";;;;;;;;;;;;;;" jack dawson";;;;" cal hockley";" cal hockley";;;;;;;;;;;;;;;;;;
"cv369_12886.txt";;;;;;;;;;;;;;" wife meryl , college sweetheart";;;" noah emmerich";;;;;;;;;;;;;;;;;;;;
"cv370_5221.txt";;;;;;;;;;;;;;;;;;;;;;;;;;;;;;;;;;;;;
"cv371_7630.txt";;;;;;;;;;;;;;" action movie";;;;;;;;;;;;;;;;;;;;;;;
"cv372_6552.txt";;;;;;;;;;;;;;;;;;;;;;;;;;;;;;;;;;;;;
"cv373_20404.txt";;;;;;;;;;;;;;;;;;;;;;;;;;;;;;;;;;" drug dealer";;;
"cv374_25436.txt";;;;;;;;;;;;;;;;;;;;;;;;;;;;;;;;;;;;;
"cv375_9929.txt";;;;;;;;;;;;;;;;;;;;;;;;;;;;;;;;;;;;;
"cv376_19435.txt";;;;;;;;;;;;;;;;;;;;;;;;;;;;;;;;;;;;;
"cv377_7946.txt";;;;;;;;;;;;;;;;;" vincent d , arliss howard";;;;;;;;;;;;;;;;;;;;
"cv378_20629.txt";;;;;;;;;;;;;;;;;;;;;;;;;;;;;;;;;;;;;
"cv379_21963.txt";;;;;;;;;;;;;;;;;" johnny depp";;;;;;;;;;;;;;;;;" ichabod crane";;;
"cv380_7574.txt";;;;;;;;;;;;;;;;;;;;;;;;;;;;;;;;;;;;;
"cv381_20172.txt";;;;;;;;;;;;;;" jerry renfro , actress daisy";;;" eddie murphy";;;;;;;;;;;;;;;;;" unknowing star";;;
"cv382_7897.txt";;;;;;;;;;;;;;" butch coolidge , honey bunny , wife mia";;;" ving rhames";;;;;;;;;;;;;;;;;;;;
"cv383_13116.txt";;;;;;;;;;;;;;;;;;;;;;;;;;;;;;;;;;;;;
"cv384_17140.txt";;;;;;;;;;;;;;;;;" olivia williams";;;;;;;;;;;;;;;;;;;;
"cv385_29741.txt";;;;;;;;;;;;;;;;;;;;;;;;;;;;;;;;;;;;;
"cv386_10080.txt";;;;;" slawomir idziak";;;;;;;;;" worker irene";;;" tony shalhoub , jude law";;;;;;;;;;;;;;;;;;;;
"cv387_11507.txt";;;;;;;;;;;;;;;;;;;;;;;;;;;;;;;;;;;;;
"cv388_12009.txt";;;;;;;;;;;;;;;;;;;;;;;;;;;;;;;;;;;;;
"cv389_9369.txt";;;;;;;;;;;;;;" wife renee , pete dayton";;;;;;;;;;;;;;;;;;;;;;;
"cv390_11345.txt";;;;;;;;;;;;;;" neighbor simon";" greg kinear";;;;;;;;;;;;;;;;;;;;;;
"cv391_10802.txt";;;;;;;;;;;;;;" camera woman , colin seagrave";;;;;;;;;;;;;;;;;;;;" holly hunter";;;
"cv392_11458.txt";;;;;;;;;;;;;;;;;;;;;;;;;;;;;;;;;;;;;
"cv393_29327.txt";;;;;;;;;;;;;;;;;;;;;;;;;;;;;;;;;;;;;
"cv394_5137.txt";;;;;;;;;;;;;;;;;;;;;;;;;;;;;;;;;;" shirley maclaine";;;
"cv395_10849.txt";;;;;;;;;;;;;;" gloria sullivan";;;;;;;;;;;;;;;;;;;;;;;
"cv396_17989.txt";;;;;;;;;;;;;;;;;" michael york , elizabeth barondes";;;;;;;;;;;;;;;;;;;;
"cv397_29023.txt";;;;;" matthew f";;;;;;;;;;;;;;;;;;;;;;;;;;;;;;;;
"cv398_15537.txt";;;;;;;;;;;;;;;;;;;;;;;;;;;;;;;;;;;;;
"cv399_2877.txt";;;;;;;;;;;;;;;;;;;;;;;;;;;;;;;;;;;;;
"cv400_19220.txt";;;;;;;;;;;;;;;;;;;;;;;;;;;;;;;;;;;;;
"cv401_12605.txt";;;;;;;;;;;;;;;;;;;;;;;;;;" jack";;;;;;;;;;;
"cv402_14425.txt";;;;;;;;;;;;;;;;;;;;;;;;;;;;;;;;;;;;;
"cv403_6621.txt";;;;;;;;;;;;;;;;;" dan aykroyd";;;;;;;;;;;;;;;;;;;;
"cv404_20315.txt";;;;;;;;;;;;;;;;;;;;;;;;;;;;;;;;;;;;;
"cv405_20399.txt";;;;;;;;;;;;;;;;;;;;;;;;;;;;;;;;;;" scott caan";;;
"cv406_21020.txt";;;;;;;;;;;;;;;;;;;;;;;;;;;;;;;;;;;;;
"cv407_22637.txt";;;;;;;;;;;;;;;;;;;;;;;;;;;;;;;;;;;;;
"cv408_5297.txt";;;;;;;;;;;;;;;;;;;;;;;;;;;;;;;;;;;;;
"cv409_29786.txt";;;;;;;;;;;;;;;;;;;;;;;;;;" claire";;;;;;;;;;;
"cv410_24266.txt";;;;;;;;;;;;;;;;;;;;;;;;;;;;;;;;;;;;;
"cv411_15007.txt";;;;;;;;;;;;;;" leia organa , luke skywalker , sidekick chewbacca";;;;;;;;;;;;;;;;;;;;;;;
"cv412_24095.txt";;;;;;;;;;;;;;;;;;;;;;;;;;;;;;;;;;;;;
"cv413_7398.txt";;;;;;;;;;;;;;;;;;;;;;;;;;;;;;" jessica harper";;;;;;;
"cv414_10518.txt";;;;;;;;;;;;;;" ordell robbi , max cherry";;;" michael bowen";;;;;;;;;;;;;;;;;;;;
"cv415_22517.txt";;;;;;;;;;;;;;;;;;;;;;;;;;;;;;;;;;;;;
"cv416_11136.txt";;;;;;;;;;;;;;;;;;;;;;;;;;;;;;;;;;;;;
"cv417_13115.txt";;;;;;;;;;;;;;;;;;;;;;;;;;;;;;;;;;;;;
"cv418_14774.txt";;;;;;;;;;;;;;;;;;;;;;;;;;;;;;;;;;;;;
"cv419_13394.txt";;;;;;;;;;;;;;;;;;;;;;;;;;;;;;;;;;;;;
"cv420_28795.txt";;;;;;;;;;;;;;;;;;;;;;;;;;;;;;;;;;" neil fleming";;;
"cv421_9709.txt";;;;;;;;;;;;;;;;;;;;;;;;;;;;;;;;;;;;;
"cv422_9381.txt";;;;;;;;;;;;;;;;;" daniel macivor";;;;;;;;;;;;;;;;;;;;
"cv423_11155.txt";;;;;;;;;;;;;;;;;;;;;;;;;;;;;;;;;;;;;
"cv424_8831.txt";;;;;;;;;;;;;;;;;;;;;;;;;;;;;;;;;;;;;
"cv425_8250.txt";;;;;;;;;;;;;;;;;;;;;;;;;;;;;;;;;;" carl sagan";;;
"cv426_10421.txt";;;;;;;;;;;;;;;;;;;;;;;;;;;;;;" louis jordan";;;;;;;
"cv427_10825.txt";;;;;" bill butler";;;;;;;;;;;;;;;;;;;;;;;;;;;;;;;;
"cv428_11347.txt";;;;;;;;;;;;;;" dewitt bukater";;;;;;;;;;;;;;;;;;;;;;;
"cv429_7439.txt";;;;;;;;;;;;;;;;;;;;;;;;;;;;;;;;;;;;;
"cv430_17351.txt";;;;;;;;;;;;;;;;;;;;;;;;;;;;;;;;;;;;;
"cv431_7085.txt";;;;;;;;;;;;;;;;;;;;;;;;;;;;;;;;;;;;;
"cv432_14224.txt";;;" david goyer";;;;;;;;;;;;;;;;;;;;;;;;;;;;;;;;;;
"cv433_10144.txt";;;;;;;;;;;;;;" beaumont livingston";;;;;;;;;;;;;;;;;;;;" quentin tarantino";;;
"cv434_5793.txt";;;;;;;;;;;;;;;;;;;;;;;;;;;;;;;;;;;;;
"cv435_23110.txt";;;;;;;;;;;;;;;;;;;;;;;;;;;;;;;;;;;;;
"cv436_19179.txt";;;;;;;;;;;;;;" david drumlin , palmer joss";;;;" richard rank";" richard rank";;;;;;;;;;;;;;;;;;
"cv437_22849.txt";;;;;;;;;;;;;;;;;;;;;;;;;;;;;;;;;;" game designer";;;
"cv438_8043.txt";;;;;;;;;;;;;;;;;;;;;;;;;;;;;;;;;;;;;
"cv439_15970.txt";;;;;;;;;;;;;;;;;" joe mantegna";;;;;;;;;;;;;;;;;;;;
"cv440_15243.txt";;;;;;;;;;;;;;;;;;;;;;;;;;;;;;;;;;;" barbara hershey";;
"cv441_13711.txt";;;;;;;;;;;;;;" army captain , army chief";;;;;;;;;;;;;;;;;;;;;;;
"cv442_13846.txt";;;;;;;;;;;;;;;;;;;;;;;;;;;;;;;;;;;;;
"cv443_21118.txt";;;;;;;;;;;;;;;;;;;;;;;;;;;;;;" bridget fonda , bill pullman";;;;;;;
"cv444_9974.txt";;;;;;;;;;;;;;;;;;;;;;;;;;;;;;;;;;" barry sonnenfeld";;;
"cv445_25882.txt";;;;;;;;;;;;;;;;;" annette bening";;;;;;;;;;;;;;;;;;;;
"cv446_11353.txt";;;;;;;;;;;;;;;;;;;;;;;;;;;;;;;;;;;;;
"cv447_27332.txt";;;;;;;;;;;;;;" jason miller";;;;;;;;;;;;;;;;;;;;;;;
"cv448_14695.txt";;;;;;;;;;;;;;;;;" william hurt";;;;;;;;;;;;;;;;;;;;
"cv449_8785.txt";;;;;;;;;;;;;;;;;;;;;;;;;;;;;;;;;;;;;
"cv450_7890.txt";;;;;;;;;;;;;;;;;;;;;;;;;;;;;;;;;;;;;
"cv451_10690.txt";;;;;;;;;;;;;;;;;;;;;;;;;;;;;;;;;;" denise crosby";;;
"cv452_5088.txt";;;" larry ferguson";;;;;;;;;;;;;;;;;;;;;;;;;;;;;;;;;;
"cv453_10379.txt";;;;;;;;;;;;;;" brock lovett , dewitt bukater , jack dawson";;;;;;;;;;;;;;;;;;;;;;;
"cv454_2053.txt";;;;;;;;;;;;;;;;;;;;;;;;;;;;;;;;;;;;;
"cv455_29000.txt";;;;;;;;;;;;;;;;;;;;;;;;;;;;;;;;;;;;;
"cv456_18985.txt";;;;;;;;;;;;;;" elephant tantor";;;" brian blessed";;;;;;;;;;;;;;;;;;;;
"cv457_18453.txt";;;;;;;;;;;;;;;;;;;;;;;;;;;;;;;;;;" award contender";;;
"cv458_8604.txt";;;;;;;;;;;;;;;;;;;;;;;;;;;;;;;;;;" courtney love";;;
"cv459_20319.txt";;;;;;;;;;;;;;;;;;;;;;;;;;;;;;;;;;;;;
"cv460_10842.txt";;;;;;;;;;;;;;;;;;;;;;;;;;;;;;;;;;;;;
"cv461_19600.txt";;;;;;;;;;;;;;" vampire lestat";;;;;;;;;;;;" armand";;;;;;;;" kristen dunst";;;
"cv462_19350.txt";;;;;;;;;;;;;;;;;;;;;;;;;;;;;;;;;;;;;
"cv463_10343.txt";;;;;;;;;;;;;;;;;;;;;;;;;;;;;;;;;;;;;
"cv464_15650.txt";;;" john eskow";;;;;;;;;;;" captain love";;;;;;;;;;;;;;;;;;;;;;;
"cv465_22431.txt";;;;;;;;;;;;;;;;;" natalie wood";;;;;;;;;;;;;;;;;;;;
"cv466_18722.txt";;;;;;;;;;;;;;;;;;;;;;;;;;;;;;;;;;;;;
"cv467_25773.txt";;;;;;;;;;;;;;" catherine deane , peter novak";;;" vincent d";;;;;;;;;;;;;;;;;;;;
"cv468_15228.txt";;;;;;;;;;;;;;;;;;;;;;;;;;;;;;;;;;;;;
"cv469_20630.txt";;;;;;;;;;;;;;" surrogate sister";;;" kenneth branagh";;;;;;;;;;;;;;;;;;;;
"cv470_15952.txt";;;;;;;;;;;;;;;;;" daniel craig";;;;;;;;;;;;;;;;;;;;
"cv471_16858.txt";;;;;;;;;;;;;;;;;;;;;;;;;;;;;;" judi dench";;;;;;;
"cv472_29280.txt";;;;;;;;;;;;;;;;;;;;;;;;;;;;;;;;;;" george carlin";;;
"cv473_7367.txt";;;;;;;;;;;;;;;;;;;;;;;;;;;;;;;;;;;;;
"cv474_10209.txt";;;;;;;;;;;;;;;;;;;;;;;;;;;;;;;;;;;;;
"cv475_21692.txt";;;;;;;;;;;;;;;;;;;;;;;;;;;;;;" linda fiorentino";;;;;;;
"cv476_16856.txt";;;" david duncan";;;;;;;;;;;;;;;;;;;;;;;;;;;;;;;" david duncan , yvette mimieux";;;
"cv477_22479.txt";;;;;;;;;;;;;;" brother henry , maria bertram";" alessandro nivola , victoria hamilton";;" jonny lee , embeth davidtz";;;;;;;;;;;;;;;;;;;;
"cv478_14309.txt";;;;;;;;;;;;;;;;;;;;;;;;;;;;;;;;;;;;;
"cv479_5649.txt";;;;;;;;;;;;;;;;;;;;;;;;;;;;;;;;;;;;;
"cv480_19817.txt";;;;;;;;;;;;;;;;;;;;;;;;;;;;;;;;;;;;;
"cv481_7436.txt";;;;;;;;;;;;;;" lance johnson , freelance photographer";;;;;;;;;;;;;;;;;;;;;;;
"cv482_10580.txt";;;;;;;;;;;;;;;;;;;;;;;;;;" merton";;;;;;;;;;;
"cv483_16378.txt";;;;;;;;;;;;;;;;;;;;;;;;;;;;;;;;;;;;;
"cv484_25054.txt";;;;;;;;;;;;;;;;;;;;;;;;;;;;;;;;;;;;;
"cv485_26649.txt";;;;;;;;;;;;;;;;;;;;;;;;;;;;;;;;;;" harry selick";;;
"cv486_9799.txt";;;;;;;;;;;;;;;;;;;;;;;;;;;;;;;;;;;;;
"cv487_10446.txt";;;;;;;;;;;;;;" investigator kujan";;;" gabriel byrne";;;;;;;;;;;;;;;;;" john ottman";;;
"cv488_19856.txt";;;;;;;;;;;;;;" joel osment";;;;;;;;;;;;;;;;;;;;;;;
"cv489_17906.txt";;;;;;;;;;;;;;;;;;;;;;;;;;;;;;;;;;;;;
"cv490_17872.txt";;;;;;;;;;;;;;;;;" leila hatami";;;;;;;;;;;;;;;;;;;;
"cv491_12145.txt";;;;;;;;;;;;;;;;;;;;;;;;;;;;;;;;;;;;;
"cv492_18271.txt";;;;;;;;;;;;;;;;;;;;;;;;;;;;;;" anne moss";;;;;;;
"cv493_12839.txt";;;;;;;;;;;;;;;;;;;;;;;;;;;;;;;;;;;;;
"cv494_17389.txt";;;;;;;;;;;;;;" karl rackwitz";;;" alec guinness";;;;;;;;;;;;;;;;;;;;
"cv495_14518.txt";;;;;;;;;;;;;;;;;;;;;;;;;;;;;;;;;;;;;
"cv496_10530.txt";;;;;;;;;;;;;;;;;;;;;;;;;;;;;;;;;;;;;
"cv497_26980.txt";;;;;;;;;;;;;;;;;" tim roth";;;;;;;;;;;;;" john travolta";;;;;;;
"cv498_8832.txt";;;;;;;;;;;;;;;;;;;;;;;;;;;;;;;;;;;;;
"cv499_10658.txt";;;;;;;;;;;;;;;;;;;;;;;;;;;;;;;;;;;;;
"cv500_10251.txt";;;;;;;;;;;;;;" max brackett , worker cliff";;;;;;;;;;;;;;;;;;;;" mia kirshner";;;
"cv501_11657.txt";;;;;;;;;;;;;;" sam lombardo , van ryan , suzie toller";;;;;;;;;;;;;;;;;;;;" john mcnaughton";;;
"cv502_10406.txt";;;;;;;;;;;;;;;;;" larenz tate";;;;;;;;;;;;;;;;;;;;
"cv503_10558.txt";;;;;;;;;;;;;;;;;;;;;;;;;;;;;;;;;;;;;
"cv504_29243.txt";;;;;;;;;;;;;;;;;;;;;;;;;;;;;;;;;;;;;
"cv505_12090.txt";;;;;" michael chapman";;;;;;;;;;;;" johnny barnes";;;;;;;;;;;;;;;;;;;;
"cv506_15956.txt";;;;;;;;;;;;;;;;;;;;;;;;;;;;;;;;;;" stanley kubrick";;;
"cv507_9220.txt";;;;;;;;;;;;;;;;;;;;;;;;;;;;;;;;;;;;;
"cv508_16006.txt";;;;;;;;;;;;;;;;;;;;;;;;;;;;;;;;;;;;;
"cv509_15888.txt";;;;;;;;;;;;;;;;;;;;;;;;;;;;;;;;;;;;;
"cv510_23360.txt";;;;;;;;;;;;;;" erin castleton";;;;;;;;;;;;;;;;;;;;;;;
"cv511_10132.txt";;;;;;;;;;;;;;;;;;;;;;;;;;;;;;;;;;" winona ryder , analee call";;;
"cv512_15965.txt";;;;;;;;;;;;;;;;;" christian bale , michael feast";;;;;;;;;;;;;;;;;" rock star";;;
"cv513_6923.txt";;;;;;;;;;;;;;;;;;;;;;;;;;;;;;;;;;;;;
"cv514_11187.txt";;;;;;;;;;;;;;;;;;;;;;;;;;" edmund";;;;;;;;;;;
"cv515_17069.txt";;;;;;;;;;;;;;;;;;;;;;;;;;;;;;;;;;;;;
"cv516_11172.txt";;;;;;;;;;;;;;" johnny rico";;;;;;;;;;;;;;;;;;;;;;;
"cv517_19219.txt";;;;;;;;;;;;;;;;;;;;;;;;;;;;;;;;;;;;;
"cv518_13331.txt";;;;;;;;;;;;;;;;;;;;;;;;;;;;;;;;;;;;;
"cv519_14661.txt";;;;;" eduardo serra";;;;;;;;;;;;;;;;;;;;;;;;;;;;;" eduardo serra";;;
"cv520_12295.txt";;;;;;;;;;;;;;;;;;;;;;;;;;;;;;;;;;;;;
"cv521_15828.txt";;;;;;;;;;;;;;;;;;;;;;;;;;;;;;;;;;;;;
"cv522_5583.txt";;;;;;;;;;;;;;;;;;;;;;;;;;;;;;;;;;;;;
"cv523_16615.txt";;;;;;;;;;;;;;;;;;;;;;;;;;;;;;;;;;;;;
"cv524_23627.txt";;;;;;;;;;;;;;;;;;;;;;;;;;;;;;;;;;" john denver";;;
"cv525_16122.txt";;;;;;;;;;;;;;;;;;;;;;;;;;;;;;;;;;;;;
"cv526_12083.txt";;;;;;;;;;;;;;" lover gerry";;;;;;;;;;;;;;;;;;;;;;;
"cv527_10123.txt";;;;;;;;;;;;;;;;;;;;;;;;;;;;;;;;;;;;;
"cv528_10822.txt";;;;;;;;;;;;;;;;;;;;;;;;;;;;;;;;;;;;;
"cv529_10420.txt";;;;;;;;;;;;;;;;;;;;;;;;;;;;;;;;;;;;;
"cv530_16212.txt";;;;;;;;;;;;;;;;;;;;;;;;;;;;;;" nick nolte";;;;;;;
"cv531_26486.txt";;;;;;;;;;;;;;;;;;;;;;;;;;" dunaway";;;;;;;;;;;
"cv532_6522.txt";;;;;;;;;;;;;;;;;;;;;" lisa marie";;;;;;;;;;;;;;;;
"cv533_9821.txt";;;;;;;;;;;;;;;;;;;;;;;;;;;;;;;;;;;;;
"cv534_14083.txt";;;;;;;;;;;;;;;;;;;;;;;;;;;;;;;;;;;;;
"cv535_19728.txt";;;;;;;;;;;;;;;;;" cute pun";;;;;;;;;;;;;;;;;;;;
"cv536_27134.txt";;;;;;;;;;;;;;;;;;;;;;;;;;;;;;;;;;;;;
"cv537_12370.txt";;;;;;;;;;;;;;" jenny lerner , tom beck";;;" leelee sobieski , elijah wood";;;;;;;;;;;;;;;;;;;;
"cv538_28667.txt";;;;;;;;;;;;;;" gangster avi";;;" alan ford";;;;;;;;;" tommy";;;;;;;;;;;
"cv539_20347.txt";;;;;;;;;;;;;;;;;;;;;;;;;;;;;;;;;;;;;
"cv540_3421.txt";;;;;;;;;;;;;;;;;;;;;;;;;;;;;;;;;;;;;
"cv541_28835.txt";;;;;;;;;;;;;;" friend diane";;;;;;;;;;;;;;;;;;;;;;;
"cv542_18980.txt";;;;;;;;;;;;;;;;;;;;;;;;;;;;;;;;;;;;;
"cv543_5045.txt";;;" elizabeth jane";;;;;;;;;;;" jesse birdsall";;;;;;;;;;;;;;;;;;;;;;;
"cv544_5108.txt";;;;;;;;;;;;;;;;;;;;;;;;;;;;;;;;;;" keyser soze";;;
"cv545_12014.txt";;;;;;;;;;;;;;" veronica franco";;;" rufus sewell , oliver platt";;;;;;;;;;;;;" oliver platt";;;;;;;
"cv546_11767.txt";;;;;;;;;;;;;;;;;;;;;;;;;;;;;;;;;;;;;
"cv547_16324.txt";;;;;;;;;;;;;;;;;;;;;;;;;;;;;;;;;;" college buddy";;;
"cv548_17731.txt";;;;;;;;;;;;;;;;;;;;;;;;;;;;;;;;;;;;;
"cv549_21443.txt";;;;;;;;;;;;;;;;;;;;;;;;;;;;;;;;;;" paul schrader";;;
"cv550_22211.txt";;;;;;;;;;;;;;;;;;;;;;;;;;;;;;;;;;;;;
"cv551_10565.txt";;;;;;;;;;;;;;;;;;;;;;;;;;;;;;;;;;" ashlee levitch";;;
"cv552_10016.txt";;;;;;;;;;;;;;;;;;;;;;;;;;;;;;;;;;;;;
"cv553_26915.txt";;;;;;;;;;;;;;" elijah price";;;;;;;;;;;;;;;;;;;;" sack dunne";;;
"cv554_13151.txt";;;;;;;;;;;;;;;;;;;;;;;;;;;;;;;;;;;;;
"cv555_23922.txt";;;;;;;;;;;;;;;;;" oliver platt";;;;;;;;;;;;;;;;;;;;
"cv556_14808.txt";;;;;;;;;;;;;;;;;;;;;;;;;;;;;;;;;;;;;
"cv557_11449.txt";;;;;;;;;;;;;;" rambling narrator , jesus quintana , wife bunny";;;" ben gazzara , julianne moore";;;;;;;;;;;;;;;;;;;;
"cv558_29507.txt";;;;;;;;;;;;;;;;;;;;;;;;;;;;;;;;;;;;;
"cv559_0050.txt";;;;;;;;;;;;;;;;;" alex english";;;;;;;;;;;;;;;;;" lee curtis";;;
"cv560_17175.txt";;;;;;;;;;;;;;" jan schlictman";;;;;;;;;;;;;;;;;;;;" kathleen quinland , not travolta";;;
"cv561_9201.txt";;;;;;;;;;;;;;;;;;;;;;;;;;;;;;;;;;;;;
"cv562_10359.txt";;;;;;;;;;;;;;;;;;;;;;;;;;;;;;;;;;;;;
"cv563_17257.txt";;;;;;;;;;;;;;;;;;;;;;;;;;;;;;;;;;;;;
"cv564_11110.txt";;;;;;;;;;;;;;;;" scott roper";;;;;;;;;;;;;;;;;;;;;
"cv565_29572.txt";;;;;;;;;;;;;;" bobby garfield";;;" david morse";;;;;;;;;;;;;;;;;;;;
"cv566_8581.txt";;;;;;;;;;;;;;" daughter bing";;;;;;;;;;;;;;;;;;;;;;;
"cv567_29611.txt";;;;;;;;;;;;;;;;;;;;;;;;;;;;;;;;;;" mathieu kassovitz";;;
"cv568_15638.txt";;;;;;;;;;;;;;;;;" fedoore atkine";;;;;;;;;;;;;;;;;;;;
"cv569_26381.txt";;;;;;;;;;;;;;;;;;;;;;;;;;;;;;;;;;;;;
"cv570_29082.txt";;;;;;;;;;;;;;;;;;;;;;;;;;;;;;;;;;;;;
"cv571_29366.txt";;;;;;;;;;;;;;;;;;;;;;;;;;;;;;;;;;;;;
"cv572_18657.txt";;;;;;;;;;;;;;;;;;;;;;;;;;;;;;;;;;;;;
"cv573_29525.txt";;;;;;;;;;;;;;" law jack";;;;;;;;;;;;;;;;;;;;;;;
"cv574_22156.txt";;;;;;;;;;;;;;;;;" oded fehr";;;;;;;;;;;;;;;;;;;;
"cv575_21150.txt";;;;;;;;;;;;;;;;;;;;;;;;;;;;;;" ashley judd";;;;;;;
"cv576_14094.txt";;;;;;;;;;;;;;;;;;;;;;;;;;;;;;;;;;;;;
"cv577_28549.txt";;;;;;;;;;;;;;" cameron diaz";;;;;;;;;;;;;;;;;;;;;;;
"cv578_15094.txt";;;" mark christopher";;;;;;;;;;;;;;" mike myers";;;;;;;;;;;;;;;;;;;;
"cv579_11605.txt";;;;;;;;;;;;;;" jack stanton";;;" adrian lester , kevin cooney";;;;;;;;;;;;;;;;;;;;
"cv580_14064.txt";;;;;;;;;;;;;;;;;;;;;;;;;;;;;;" peter weller";;;;;;;
"cv581_19381.txt";;;;;;;;;;;;;;;;;;;;;;;;;;;;;;;;;;;;;
"cv582_6559.txt";;;;;;;;;;;;;;" carter stapleton";;;;;;;;;;;;;;;;" courtney love";;;;" larry flynt , althea leasure";;;
"cv583_29692.txt";;;;;;;;;;;;;;" willa harper , husband ben";;;;;;;;;;;;;;;;;;;;;;;
"cv584_29722.txt";;;;;;;;;;;;;;;;;;;;;;;;;;;;;;;;;;;;;
"cv585_22496.txt";;;;;;;;;;;;;;;;;;;;;;;;;;;;;;;;;;;;;
"cv586_7543.txt";;;;;;;;;;;;;;;;;;;;;;;;;;;;;;;;;;;;;
"cv587_19162.txt";;;;;;;;;;;;;;;;;;;;;;;;;;;;;;;;;;;;;
"cv588_13008.txt";;;;;;;;;;;;;;" ellen moore";;;" sid james";;;;;;;;;;;;;;;;;;;;
"cv589_12064.txt";;;;;" changwei gu";;;;;;;;;" dixon doss , investigator friend";;;" embeth davidtz";;;;;;;;;;;;;;;;;;;;
"cv590_19290.txt";;;;;;;;;;;;;;;;;;;;;;;;;;;;;;;;;;;;;
"cv591_23640.txt";;;;;;;;;;;;;;" girlfriend terry";;;" kerr smith , kristen cloke";;;;;;;;;;;;;;;;;;;;
"cv592_22315.txt";;;;;;;;;;;;;;;;;;;;;;;;;;;;;;;;;;" ernst zundel";;;
"cv593_10987.txt";;;;;;;;;;;;;;;;;" nora dunn";;;;;;;;;" jude";;;;;;;;;;;
"cv594_11039.txt";;;;;;;;;;;;;;;;;;;;;;;;;;;;;;;;;;;;;
"cv595_25335.txt";;;;;;;;;;;;;;;;;;;;;;;;;;;;;;;;;;;;;
"cv596_28311.txt";;;;;;;;;;;;;;" lord farquaad";;;;;;;;;;;;;;;;;;;;;;;
"cv597_26360.txt";;;;;;;;;;;;;;;;;" susan sarandon";;;;;;;;;;;;;;;;;;;;
"cv598_16452.txt";;;;;;;;;;;;;;;;;;;;;;;;;;;;;;;;;;;;;
"cv599_20988.txt";;;;;;;;;;;;;;;;;" salma hayek";;;;;;;;;;;;;;;;;;;;
"cv600_23878.txt";;;;;;;;;;;;;;;;;;;;;;;;;;;;;;;;;;;;;
"cv601_23453.txt";;;;;;;;;;;;;;;;;;;;;;;;;;" darlene";;;;;;;;;;;
"cv602_8300.txt";;;;;;;;;;;;;;;;;;;;;;;;;;;;;;;;;;;;;
"cv603_17694.txt";;;;;;;;;;;;;;;;;;;;;;;;;;;;;;;;;;;;;
"cv604_2230.txt";;;;;;;;;;;;;;" bodyguard pachanga";;;;;;;;;;;;;;;;;;;;;;;
"cv605_11800.txt";;;;;;;;;;;;;;" friend walter";;;;;;;;;;;;;;;;;;;;;;;
"cv606_15985.txt";;;;;;;;;;;;;;;;;;;;;;;;;;;;;;" patrick stewart";;;;;;;
"cv607_7717.txt";;;;;;;;;;;;;;;;;;;;;;;;;;;;;;;;;;;;;
"cv608_23231.txt";;;;;;;;;;;;;;" jimmy gator";;;;;;;;;;;;;;;;;;;;;;;
"cv609_23877.txt";;;;;;;;;;;;;;" husband terry";;;" allan houston";;;;;;;;;;;;;;;;;;;;
"cv610_2287.txt";;;;;;;;;;;;;;;;;;;;;;;;;;;;;;;;;;;;;
"cv611_21120.txt";;;;;;;;;;;;;;;;;;;;;;;;;;;;;;" sheryl lee";;;;;;;
"cv612_5461.txt";;;;;;;;;;;;;;;;;;;;;;;;;;;;;;;;;;;;;
"cv613_21796.txt";;;;;;;;;;;;;;;;;;;;;;;;;;;;;;;;;;;;;
"cv614_10626.txt";;;;;;;;;;;;;;;;;;;;;;;;;;;;;;;;;;;;;
"cv615_14182.txt";;;;;;;;;;;;;;" toothpick charlie";;;;;;;;;;;;" joe";;;;;;;;;;;
"cv616_29319.txt";;;;;;;;;;;;;;" josh hartnett";;;;;;;;;;;;;;;;;;;;;;;
"cv617_9322.txt";;;;;;;;;;;;;;;;;;;;;;;;;;;;;;;;;;" son ahmad";;;
"cv618_8974.txt";;;;;;;;;;;;;;;;;;;;;;;;;;;;;;;;;;;;;
"cv619_12462.txt";;;;;;;;;;;;;;;;;;;;;;;;;;;;;;;;;;;;;
"cv620_24265.txt";;;" mary harron";;;;;;;;;;;;;;;;;;;;;;;;;;;;;;;;;;
"cv621_14368.txt";;;;;;;;;;;;;;;;;" edward norton";;;;;;;;;;;;;" matt damon";;;;" john turturro";;;
"cv622_8147.txt";;;;;;;;;;;;;;;;;;;;;;;;;;;;;;;;;;;;;
"cv623_15356.txt";;;;;;;;;;;;;;;;;;;;;;;;;;;;;;" ben stiller";;;;;;;
"cv624_10744.txt";;;;;;;;;;;;;;;;;;;;;;;;;;;;;;;;;;;;;
"cv625_12440.txt";;;;;;;;;;;;;;;;;;;;;;;;;;;;;;;;;;;;;
"cv626_7410.txt";;;;;;;;;;;;;;;;;" ed harris";;;;;;;;;;;;;;;;;;;;
"cv627_11620.txt";;;;;;;;;;;;;;" van ryan , suzie toller";;;;;;;;;;;;;;;;;;;;;;;
"cv628_19325.txt";;;;;;;;;;;;;;;;;;;;;;;;;;;;;;;;;;;;;
"cv629_14909.txt";;;;;;;;;;;;;;;;;;;;;;;;;;;;;;;;;;;;;
"cv630_10057.txt";;;;;;;;;;;;;;;;;;;;;;;;;;;;;;" sandrine kiberlain";;;;;;;
"cv631_4967.txt";;;;;;;;;;;;;;;;;;;;;;;;;;;;;;;;;;;;;
"cv632_9610.txt";;;;;;;;;;;;;;" johnny rico";;;;;;;;;;;;;;;;;;;;;;;
"cv633_29837.txt";;;;;;;;;;;;;;;;;;;;;;;;;;;;;;;;;;;;;
"cv634_11101.txt";;;;;;;;;;;;;;;;;" jude law";;;;;;;;;;;;;;;;;;;;
"cv635_10022.txt";;;;;;;;;;;;;;" althea leasure";;;" edward norton";;;;;;;;;;;;;;;;;" jerry falwell , courtney love";;;
"cv636_15279.txt";;;;;;;;;;;;;;" karen barclay";;;" brad douriff , alex vincent";;;;;;;;;;;;;;;;;;;;
"cv637_1250.txt";;;;;;;;;;;;;;" dana carvey";;;;;;;;;;;;;;;;;;;;;;;
"cv638_2953.txt";;;;;;;;;;;;;;;;;;;;;;;;;;;;;;;;;;;;;
"cv639_10308.txt";;;;;;;;;;;;;;;;;" michelle yeoh";;;;;;;;;;;;;;;;;" diana rigg";;;
"cv640_5378.txt";;;;;;;;;;;;;;;;;;;;;;;;;;;;;;;;;;;;;
"cv641_12349.txt";;;;;;;;;;;;;;;;;;;;;;;;;;;;;;;;;;;;;
"cv642_29867.txt";;;;;;;;;;;;;;;;;;;;;;;;;;;;;;;;;;" johnny depp";;;
"cv643_29349.txt";;;;;;;;;;;;;;;;;;;;;;;;;;;;;;;;;;;;;
"cv644_17154.txt";;;" scott b";;;;;;;;;;;;;;" brent briscoe";;;;;;;;;;;;;;;;;;;;
"cv645_15668.txt";;;;;;;;;;;;;;" van dorn , actress nicky";;;" ilah davis";;;;;;;;;;;;;;;;;;;;
"cv646_15065.txt";;;;;;;;;;;;;;;;;;;;;;;;;;;;;;;;;;;;;
"cv647_13691.txt";;;;;;;;;;;;;;;;;;;;;;;;;;;;;;;;;;;;;
"cv648_15792.txt";;;;;;;;;;;;;;" luc picard";;;;;;;;;;;;;;;;;;;;;;;
"cv649_12735.txt";;;;;;;;;;;;;;;;;" johnny depp";;;;;;;;;;;;;;;;;;;;
"cv650_14340.txt";;;;;;;;;;;;;;;;;;;;;;;;;;;;;;;;;;;;;
"cv651_10492.txt";;;;;;;;;;;;;;" lover ray";;;;;;;;;;;;;;;;;;;;;;;
"cv652_13972.txt";;;;;;;;;;;;;;;;;;;;;;;;;;;;;;;;;;;;;
"cv653_19583.txt";;;;;;;;;;;;;;;;;;;;;;;;;;;;;;;;;;;;;
"cv654_18246.txt";;;;;;;;;;;;;;;;;;;;;;;;;;;;;;;;;;;;;
"cv655_11154.txt";;;;;;;;;;;;;;;;;;;;;;;;;;;;;;;;;;;;;
"cv656_24201.txt";;;;;;;;;;;;;;;;;;;;;;;;;;;;;;;;;;;;;
"cv657_24513.txt";;;;;;;;;;;;;;;;;;;;;;;;;;;;;;;;;;;;;
"cv658_10532.txt";;;;;;;;;;;;;;;;;" helen hunt";;;;;;;;;;;;;;;;;;;;
"cv659_19944.txt";;;;;;;;;;;;;;;;;;;;;;;;;;;;;;;;;;;;;
"cv660_21893.txt";;;;;;;;;;;;;;;;;" tim allen";;;;;;;;;;;;;;;;;" sarah mclachlan";;;
"cv661_2450.txt";;;;;;;;;;;;;;" brother arnie";;;" johnny depp";;;;;;;;;;;;;;;;;;;;
"cv662_13320.txt";;;;;;;;;;;;;;;;;;;;;;;;;;;;;;;;;;;;;
"cv663_13019.txt";;;;;;;;;;;;;;;;;;;;;;;;;;;;;;;;;;;;;
"cv664_4389.txt";;;;;;;;;;;;;;;;;;;;;;;;;;;;;;;;;;;;;
"cv665_29538.txt";;;;;;;;;;;;;;;;;;;;;;;;;;;;;;;;;;;;;
"cv666_18963.txt";;;;;;;;;;;;;;;;;;;;;;;;;;;;;;;;;;;;;
"cv667_18467.txt";;;;;;;;;;;;;;" episode story";;;;;;;;;;;;;;;;;;;;;;;
"cv668_17604.txt";;;;;;;;;;;;;;;;;" larisa oleynik , larry miller";;;;;;;;;;;;;;;;;;;;
"cv669_22995.txt";;;;;;;;;;;;;;;;;;;;;;;;;;;;;;;;;;;;;
"cv670_25826.txt";;;;;;;;;;;;;;;;;" richard dreyfuss";;;;;;;;;;;;;;;;;;;;
"cv671_5054.txt";;;;;;;;;;;;;;;;;;;;;;;;;;;;;;;;;;;;;
"cv672_28083.txt";;;;;;;;;;;;;;;;;" lambert wilson";;;;;;;;;" camille";;;;;;;;;;;
"cv673_24714.txt";;;;;;;;;;;;;;;;;;;;;;;;;;;;;;;;;;" company headhunter";;;
"cv674_10732.txt";;;;;;;;;;;;;;;;;;;;;;;;;;;;;;;;;;;;;
"cv675_21588.txt";;;;;;;;;;;;;;" spike jonze , employee lotte";;;;;;;;;;;;;;;;" john cusack";;;;;;;
"cv676_21090.txt";;;;;;;;;;;;;;;;;" kevin spacey";;;;;;;;;;;;;;;;;" thora birch";;;
"cv677_17715.txt";;;;;;;;;;;;;;;;;;;;;;;;;;;;;;;;;;;;;
"cv678_13419.txt";;;;;;;;;;;;;;;;;;;;;;;;;;;;;;;;;;;;;
"cv679_28559.txt";;;;;;;;;;;;;;;;;;;;;;;;;;;;;;;;;;;;;
"cv680_10160.txt";;;;;;;;;;;;;;;;;;;;;;;;;;;;;;;;;;;;;
"cv681_9692.txt";;;;;;;;;;;;;;;;;;;;;;;;;;;;;;;;;;;;;
"cv682_16139.txt";;;;;;;;;;;;;;;;;" edward norton";;;;;;;;;;;;;;;;;;;;
"cv683_12167.txt";;;;;;;;;;;;;;;;;;;;;;;;;;;;;;;;;;;;;
"cv684_11798.txt";;;;;;;;;;;;;;;;;;;;;;;;;;;;;;;;;;;;;
"cv685_5947.txt";;;;;;;;;;;;;;;;;;;;;;;;;;;;;;;;;;;;;
"cv686_13900.txt";;;;;;;;;;;;;;;;;;;;;;;;;;;;;;;;;;;;;
"cv687_21100.txt";;;;;;;;;;;;;;;;;;;;;;;;;;;;;;;;;;;;;
"cv688_7368.txt";;;;;;;;;;;;;;;;;;;;;;;;;;;;;;;;;;" george harrison";;;
"cv689_12587.txt";;;;;" robert richardson";;;;;;;;;;;;;;;;;;;;;;;;;;;;;;;;
"cv690_5619.txt";;;;;;;;;;;;;;;;;;;;;;;;;;;;;;;;;;" charlie sheen";;;
"cv691_5043.txt";;;;;;;;;;;;;;;;;;;;;;;;;;;;;;;;;;;;;
"cv692_15451.txt";;;;;;;;;;;;;;;;;;;;;;;;;;;;;;;;;;;;;
"cv693_18063.txt";;;;;;;;;;;;;;;;;;;;;;;;;;;;;;;;;;;;;
"cv694_4876.txt";;;;;;;;;;;;;;;;;;;;;;;;;;;;;;;;;;" painter boyfriend";;;
"cv695_21108.txt";;;;;;;;;;;;;;;;;;;;;;;;;;;;;;;;;;;;;
"cv696_29740.txt";;;;;;;;;;;;;;;;;;;;;;;;;;;;;;;;;;;;;
"cv697_11162.txt";;;;;;;;;;;;;;;;;;;;;;;;;;;;;;;;;;;;;
"cv698_15253.txt";;;;;;;;;;;;;;;;;" denzel washington , annette bening";;;;;;;;;;;;;;;;;;;;
"cv699_7223.txt";;;;;;;;;;;;;;;;;;;;;;;;;;;;;;;;;;;;;
"cv700_21947.txt";;;;;;;;;;;;;;" elektra king , valentin zukovsky";;;;;;;;;;;;;;;;;;;;;;;
"cv701_14252.txt";;;;;;;;;;;;;;;;;;;;;;;;;;;;;;;;;;;;;
"cv702_11500.txt";;;;;;;;;;;;;;" girlfriend nina";;;" woody harrelson , elisabeth shue";;;;;;;;;;;;;;;;;;;;
"cv703_16143.txt";;;;;;;;;;;;;;;;;;;;;;;;;;;;;;;;;;;;;
"cv704_15969.txt";;;;;;;;;;;;;;;;;;;;;;;;;;;;;;;;;;;;;
"cv705_11059.txt";;;;;;;;;;;;;;" exterminator jeff";;;;;;;;;;;;" homily";;;;;;;;;;;
"cv706_24716.txt";;;;;;;;;;;;;;;;;;;;;;;;;;;;;;;;;;;;;
"cv707_10678.txt";;;;;;;;;;;;;;;;;;;;;;;;;;;;;;;;;;" imelda staunton";;;
"cv708_28729.txt";;;;;;;;;;;;;;" lord farquaad , princess fiona";;;;;;;;;;;;;;;;;;;;;;;
"cv709_10529.txt";;;;;;;;;;;;;;;;;;;;;;;;;;;;;;" nick cage";;;;;;;
"cv710_22577.txt";;;;;;;;;;;;;;" banker father , security guard";;;;;;;;;;;;;;;;;;;;" mathilde bonnefroy";;;
"cv711_11665.txt";;;;;;;;;;;;;;" billy ansell";;;;;;;;;;;;;;;;;;;;" risa walker";;;
"cv712_22920.txt";;;;;;;;;;;;;;;;;;;;;;;;;;;;;;;;;;;;;
"cv713_29155.txt";;;;;" mark lee";;;;;;;;;" sister lien";;;;;;;;;;;;;;;;;;;;;;;
"cv714_18502.txt";;;;;;;;;;;;;;;;;;;;;;;;;;;;;;;;;;;;;
"cv715_18179.txt";;;;;;;;;;;;;;" grocery worker";;;" sara polley , same store";;;;;;;;;;;;;;;;;;;;
"cv716_10514.txt";;;" john hodge";;;;;;;;;;;;;;" ken stott";" hugo moves";" hugo moves";;;;;;;;;;;;;;;;;;
"cv717_15953.txt";;;;;;;;;;;;;;;;;" danny glover";;;;;;;;;;;;;;;;;;;;
"cv718_11434.txt";;;;;;;;;;;;;;;;;;;;;;;;;;;;;;;;;;;;;
"cv719_5713.txt";;;;;;;;;;;;;;;;;;;;;;;;;;;;;;;;;;;;;
"cv720_5389.txt";;;;;;;;;;;;;;;;;;;;;;;;;;;;;;;;;;;;;
"cv721_29121.txt";;;;;;;;;;;;;;;;;;;;;;;;;;;;;;;;;;;;;
"cv722_7110.txt";;;;;;;;;;;;;;;;;;;;;;;;;;;;;;;;;;;;;
"cv723_8648.txt";;;;;;;;;;;;;;;;;;;;;;;;;;;;;;;;;;;;;
"cv724_13681.txt";;;;;;;;;;;;;;;;;;;;;;;;;;;;;;;;;;;;;
"cv725_10103.txt";;;;;;;;;;;;;;;;;" kelly preston";;;;;;;;;;;;;;;;;;;;
"cv726_4719.txt";;;;;;;;;;;;;;;;;;;;;;;;;;;;;;;;;;" peter butterworth , bernard bresslaw";;;
"cv727_4978.txt";;;;;;;;;;;;;;;;;;;;;;;;;;;;;;;;;;" dustin hoffman";;;
"cv728_16133.txt";;;" marc norman";;;;;;;;;;;" lord wessex";;;" judi dench , geoffrey rush";;;;;;;;;;;;;;;;;;;;
"cv729_10154.txt";;;;;;;;;;;;;;" brock lovett , dewitt bukater";;;;;;;;;;;;;;;;;;;;;;;
"cv730_10279.txt";;;;;;;;;;;;;;;;;" caerthan banks";;;;;;;;;;;;;;;;;;;;
"cv731_4136.txt";;;;;;;;;;;;;;" william somerset";;;" kevin spacey";;;;;;;;;;;;;;;;;;;;
"cv732_12245.txt";;;;;;;;;;;;;;;;;" geoffrey rush";;;;;;;;;;;;;;;;;;;;
"cv733_9839.txt";;;;;;;;;;;;;;" den mother";;;;;;;;;;;;;;;;;;;;;;;
"cv734_21568.txt";;;;;;;;;;;;;;;;;;;;;;;;;;;;;;;;;;;;;
"cv735_18801.txt";;;;;;;;;;;;;;" felicity shagwell";;;" michael york";" fat bastard";" fat bastard";;;;;;;;;;;;;;;;;;
"cv736_23670.txt";;;;;;;;;;;;;;" freak carter , girlfriend terry";;;;;;;;;;;;;;;;;;;;;;;
"cv737_28907.txt";;;;;;;;;;;;;;" henry swinton";;;" william hurt , jude law";;;;;;;;;;;;;;;;;;;;
"cv738_10116.txt";;;;;;;;;;;;;;;;;" stellan skarsgard";;;;;;;;;;;;;;;;;;;;
"cv739_11209.txt";;;;;;;;;;;;;;" wife bunny";;;" david huddleston , julianne moore";;;;;;;" pals walter";" john goodman";;;;;;;;;;;;
"cv740_12445.txt";;;;;;;;;;;;;;;;;;;;;;;;;;;;;;;;;;;;;
"cv741_11890.txt";;;;;;;;;;;;;;" guardian angel";;;" didi conn , edd byrnes";;;;;;;;;;;;;;;;;;;;
"cv742_7751.txt";;;;;;;;;;;;;;;;;;;;;;;;;;;;;;;;;;;;;
"cv743_15449.txt";;;;;;;;;;;;;;;;;" michael mcshane";;;;;;;;;;;;;;;;;;;;
"cv744_10038.txt";;;;;;;;;;;;;;;;;;;;;;;;;;;;;;;;;;" buddy hackett";;;
"cv745_12773.txt";;;;;;;;;;;;;;" whiskey mac";;;;;;;;;;;;;;;;" shallow grave";;;;;;;
"cv746_10147.txt";;;;;;;;;;;;;;" sidney prescott";;;;;;;;;;;;;;;;;;;;;;;
"cv747_16556.txt";;;" lawrence wright";;;;;;;;;;;;;;" annette bening";;;;;;;;;;;;;;;;;;;;
"cv748_12786.txt";;;;;;;;;;;;;;;;;;;;;;;;;;;;;;;;;;;;;
"cv749_17765.txt";;;;;;;;;;;;;;;;;;;;;;;;;;;;;;;;;;" especially fichtner";;;
"cv750_10180.txt";;;;;;;;;;;;;;;;;;;;;;;;;;;;;;;;;;" drug kingpin";;;
"cv751_15719.txt";;;;;;;;;;;;;;" son giosue";;;;;;;;;;;;;;;;;;;;;;;
"cv752_24155.txt";;;;;;;;;;;;;;;;;;;;;;;;;;" jacob";;;;;;;;;;;
"cv753_10875.txt";;;;;;;;;;;;;;;;;;;;;;;;;;;;;;;;;;;;;
"cv754_7216.txt";;;;;;;;;;;;;;;;;;;;;;;;;;;;;;" zdenek sverak";;;;;;;
"cv755_23616.txt";;;;;;;;;;;;;;;;;;;;;;;;;;;;;;;;;;;;;
"cv756_22540.txt";;;;;;;;;;;;;;" bomber pilot";;;;;;;;;;;;;;;;;;;;;;;
"cv757_10189.txt";;;;;;;;;;;;;;" sidney prescott";;;;;;;;;;;;;;;;;;;;;;;
"cv758_9671.txt";;;;;;;;;;;;;;;;;;;;;;;;;;;;;;;;;;;;;
"cv759_13522.txt";;;;;;;;;;;;;;;;;;;;;;;;;;;;;;;;;;;;;
"cv760_8597.txt";;;;;;;;;;;;;;" jennifer corvino";;;;;;;;;;;;;;;;;;;;;;;
"cv761_12620.txt";;;;;;;;;;;;;;;;;;;;;;;;;;;;;;;;;;" winona ryder";;;
"cv762_13927.txt";;;;;;;;;;;;;;;;;" david paymer";;;;;;;;;;;;;;;;;" matthew mcconaughey";;;
"cv763_14729.txt";;;;;;;;;;;;;;" artist assistant";;;;;;;;;;;;;;;;;;;;;;;
"cv764_11739.txt";;;;;;;;;;;;;;;;;;;;;;;;;;;;;;;;;;;;;
"cv765_19037.txt";;;;;;;;;;;;;;;;;;;;;;;;;;;;;;;;;;" fflewdurr flamm";;;
"cv766_7540.txt";;;;;;;;;;;;;;;;;" david paymer";;;;;;;;;;;;;;;;;;;;
"cv767_14062.txt";;;;;;;;;;;;;;;;;;;;;;;;;;;;;;;;;;;;;
"cv768_11751.txt";;;;;;;;;;;;;;;;;;;;;;;;;;;;;;;;;;;;;
"cv769_8123.txt";;;;;;;;;;;;;;;;;;;;;;;;;;;;;;;;;;" barry sonnenfeld";;;
"cv770_10451.txt";;;;;;;;;;;;;;" lucinda leplastrier";;;;;;;;;;;;;;;;;;;;;;;
"cv771_28665.txt";;;;;;;;;;;;;;" john kennedy";;;" kevin conway";;;;;;;;;;;;;;;;;;;;
"cv772_12119.txt";;;;;;;;;;;;;;" auto mechanic";;;;;;;;;;;;;;;;;;;;;;;
"cv773_18817.txt";;;;;;;;;;;;;;;;;;;;;;;;;;;;;;;;;;;;;
"cv774_13845.txt";;;;;;;;;;;;;;;;;;;;;;;;;;;;;;;;;;;;;
"cv775_16237.txt";;;;;;;;;;;;;;;;;;;;;;;;;;" michael";;;;;;;;;;;
"cv776_20529.txt";;;;;;;;;;;;;;;;;;;;;;;;;;;;;;;;;;" kiefer sutherland";;;
"cv777_10094.txt";;;;;;;;;;;;;;;;;;;;;;;;;;" chloe , tom";;;;;;;;;;;
"cv778_17330.txt";;;;;;;;;;;;;;" karl rackwitz";;;" alec guinness";;;;;;;;;;;;;;;;;;;;
"cv779_17881.txt";;;;;;;;;;;;;;;;;;;;;;;;;;;;;;;;;;;;;
"cv780_7984.txt";;;;;;;;;;;;;;" kimmy wallace";;;;;;;;;;;;;;;;;;;;;;;
"cv781_5262.txt";;;;;;;;;;;;;;;;;;;;;;;;;;;;;;;;;;;;;
"cv782_19526.txt";;;;;;;;;;;;;;" brock lovett , dewitt buketer";;;;;;;;;;;;;;;;;;;;;;;
"cv783_13227.txt";;;;;;;;;;;;;;;;;;;;;;;;;;;;;;;;;;;;;
"cv784_14394.txt";;;;;;;;;;;;;;" brett ratner";;;" tzi ma";;;;;;;;;;;;;;;;;;;;
"cv785_22600.txt";;;;;;;;;;;;;;;;;" tim allen";;;;;;;;;;;;;;;;;;;;
"cv786_22497.txt";;;;;;;;;;;;;;" lounge singer";;;" kyle maclachlan";;;;;;;;;;;;;;;;;;;;
"cv787_13743.txt";;;;;;;;;;;;;;;;;;" bunny kelly";" bunny kelly";;;;;;;;;;;;;;;;;;
"cv788_25272.txt";;;;;;;;;;;;;;" oscar madison , felix unger";;;;;;;;;;;;;;;;;;;;;;;
"cv789_12136.txt";;;;;;;;;;;;;;" owner ivy";;;;;;;;;;;;;;;;;;;;;;;
"cv790_14600.txt";;;;;;;;;;;;;;;;;;;;;;;;;;;;;;;;;;;;;
"cv791_16302.txt";;;;;;;;;;;;;;;;;;;;;;;;;;;;;;;;;;;;;
"cv792_3832.txt";;;;;;;;;;;;;;;;;;;;;;;;;;;;;;;;;;" dennis feldman , natasha henstridge";;;
"cv793_13650.txt";;;;;;;;;;;;;;;;;;;;;;;;;;;;;;;;;;;;;
"cv794_15868.txt";;;;;;;;;;;;;;;;;;;;;;;;;;;;;;;;;;;;;
"cv795_10122.txt";;;;;;;;;;;;;;;;;;;;;;;;;;;;;;;;;;;;;
"cv796_15782.txt";;;;;;;;;;;;;;" pharaoh seti";;;" michelle pfeiffer";;;;;;;;;;;;;;;;;" jeffrey katzenberg";;;
"cv797_6957.txt";;;;;;;;;;;;;;;;;;;;;;;;;;;;;;;;;;;;;
"cv798_23531.txt";;;;;;;;;;;;;;" joe wilson , district attorney";;;;;;;;;;;;" charlie";;;;;;;;;;;
"cv799_18543.txt";;;;;;;;;;;;;;;;;" michael jeter";;;;;;;;;;;;;;;;;;;;
"cv800_12368.txt";;;;;;;;;;;;;;;;;" geoffrey rush";;;;;;;;;;;;;;;;;;;;
"cv801_25228.txt";;;;;;;;;;;;;;;;;;;;;;;;;;" phil";;;;;;;;;;;
"cv802_28664.txt";;;;;" roger deakins";;;;;;;;;" everett mcgill , tommy johnson";;;;;;;;;;;;;;;;;;;;;;;
"cv803_8207.txt";;;;;;;;;;;;;;;;;;;;;;;;;;;;;;;;;;" matthew mcconaughey";;;
"cv804_10862.txt";;;;;;;;;;;;;;;;;;;;;;;;;;;;;;;;;;;;;
"cv805_19601.txt";;;;;;;;;;;;;;;;;" al pacino";;;;;;;;;" connie";;;;;;;;" sofia copolla";;;
"cv806_8842.txt";;;;;;;;;;;;;;;;;" special effects";;;;;;;;;;;;;;;;;;;;
"cv807_21740.txt";;;;;;;;;;;;;;;;;;;;;;;;;;;;;;;;;;" esther freud";;;
"cv808_12635.txt";;;;;;;;;;;;;;;;;;;;;;;;;;;;;;;;;;;;;
"cv809_5009.txt";;;;;;;;;;;;;;;;;;;;;;;;;;;;;;;;;;;;;
"cv810_12458.txt";;;;;;;;;;;;;;;;;;;;;;;;;;;;;;;;;;" bernard herrman";;;
"cv811_21386.txt";;;;;;;;;;;;;;" roberta guaspari";;;" josh pais";" andy kaufman , tony clifton";" andy kaufman , tony clifton";;;;;;;;;;;;;;;;;;
"cv812_17924.txt";;;" john august";;;;;;;;;;;;;;;;;;;;;;;;;;;;;;;;;;
"cv813_6534.txt";;;;;;;;;;;;;;;;;;;;;;;;;;;;;;;;;;;;;
"cv814_18975.txt";;;;;;;;;;;;;;;;;;;;;;;;;;;;;;;;;;;;;
"cv815_22456.txt";;;;;;;;;;;;;;" tommy webber , gwen demarco";" daryl mitchell";;" tim allen , alan rickman";;;;;;;;;;;;;;;;;;;;
"cv816_13655.txt";;;;;;;;;;;;;;;;;;;;;;;;;;;;;;;;;;;;;
"cv817_4041.txt";;;;;;;;;;;;;;;;;;;;;;;;;;;;;;" gina rivera , gina gershon , glenn plummer";;;;" kyle maclachlan";;;
"cv818_10211.txt";;;;;;;;;;;;;;" ordell robbie , max cherry";" robert forster";;" foxy brown , michael keaton";;;;;;;;;;;;;;;;;;;;
"cv819_9364.txt";;;;;;;;;;;;;;" kate mctiernan";" ashley judd";;;;;;;;;;;;;;;;;;;;;;
"cv820_22892.txt";;;;;;;;;;;;;;;;;;;;;;;;;;;;;;;;;;" especially martin";;;
"cv821_29364.txt";;;;;;;;;;;;;;" rosalba barletta , waiter fernando , job applicant";;;;;;;;;;;;;;;;;;;;;;;
"cv822_20049.txt";;;;;;;;;;;;;;" lady friend , max cherry";;;;;;;;;;;;;;;;;;;;" robert forster";;;
"cv823_15569.txt";;;;;;;;;;;;;;;;;;;;;;;;;;;;;;;;;;;;;
"cv824_8838.txt";;;;;;;;;;;;;;" luke skywalker , princess leia";;;;;;;;;;;;;;;;;;;;;;;
"cv825_5063.txt";;;;;;;;;;;;;;" lenny nero";;;;;;;;;;;;;;;;;;;;;;;
"cv826_11834.txt";;;;;;;;;;;;;;" libby holden";;;;;;;;;;;;;;;;" john travolta";;;;;;;
"cv827_18331.txt";;;;;;;;;;;;;;;;;" gary cole , david herman";;;;;;;;;;;;;;;;;;;;
"cv828_19831.txt";;;;;;;;;;;;;;;;;;;;;;;;;;;;;;;;;;;;;
"cv829_20289.txt";;;;;;;;;;;;;;" friend jack";;;;;;;;;;;;;;;;;;;;;;;
"cv830_6014.txt";;;;;;;;;;;;;;;;;;;;;;;;;;;;;;;;;;" cable station";;;
"cv831_14689.txt";;;;;;;;;;;;;;;;;;;;;;;;;;;;;;;;;;;;;
"cv832_23275.txt";;;;;;;;;;;;;;;;;;;;;;;;;;;;;;;;;;;;;
"cv833_11053.txt";;;;;;;;;;;;;;;;;;;;;;;;;;;;;;;;;;;;;
"cv834_22195.txt";;;;" hal moores";;;;;;;;;;" paul edgecomb , john coffey , percy wetmore";" doug hutchison";;;;;;;;;;;;;;;;;;;;;;
"cv835_19159.txt";;;;;;;;;;;;;;;;;;;;;;;;;;;;;;;;;;;;;
"cv836_12968.txt";;;;;;;;;;;;;;" truman burbank , wife meryl";;;" noah emmerich , ed harris";;;;;;;;;;;;;;;;;;;;
"cv837_27325.txt";;;;;" roger pratt";;;;;;;;;" vianne rocher";;;" judi dench";;;;;;;;;;;;;;;;;" josephine muscat , pirate roux";;;
"cv838_24728.txt";;;" jeffrey reddick";;;;;;;;;;;;;;" devon sawa";;;;;;;;;;;;;;;;;;;;
"cv839_21467.txt";;;;;;;;;;;;;;;;;" oliver platt";;;;;;;;;;;;;;;;;;;;
"cv840_16321.txt";;;;;;;;;;;;;;;;;;;;;;;;;;;;;;;;;;;;;
"cv841_3967.txt";;;;;;;;;;;;;;;;;;;;;;;;;;;;;;;;;;;;;
"cv842_5866.txt";;;;;;;;;;;;;;;;;;;;;;;;;;;;;;" harvey keitel";;;;;;;
"cv843_15544.txt";;;;;;;;;;;;;;;;;;;;;;;;;;" michael";;;;;;;;;;;
"cv844_12690.txt";;;;;;;;;;;;;;;;;" oliver platt";;;;;;;;;;;;;;;;;;;;
"cv845_14290.txt";;;;;;;;;;;;;;" friend dom , pat healy";;;;;;;;;;;;;;;;;;;;;;;
"cv846_29497.txt";;;;;;;;;;;;;;;;;;;;;;;;;;;;;;;;;;;;;
"cv847_1941.txt";;;;;;;;;;;;;;;;;;;;;;;;;;;;;;;;;;;;;
"cv848_10036.txt";;;;;;;;;;;;;;;;;;;;;;;;;;;;;;;;;;;;;
"cv849_15729.txt";;;;;;;;;;;;;;;;;;;;;;;;;;;;;;;;;;;;;
"cv850_16466.txt";;;;;;;;;;;;;;;;;;;;;;;;;;;;;;;;;;;;;
"cv851_20469.txt";;;;;;;;;;;;;;;;;;;;;;;;;;;;;;;;;;;;;
"cv852_27523.txt";;;;;;;;;;;;;;;;;;;;;;;;;;;;;;;;;;;;;
"cv853_29233.txt";;;;;;;;;;;;;;;;;;;;;;;;;;;;;;;;;;;;;
"cv854_17740.txt";;;;;;;;;;;;;;;;;;;;;;;;;;;;;;;;;;;;;
"cv855_20661.txt";;;;;;;;;;;;;;" student counselor";;;" pretty woman";;;;;;;;;;;;;;;;;;;;
"cv856_29013.txt";;;;;;;;;;;;;;;;;;;;;;;;;;;;;;;;;;;;" vincent d";
"cv857_15958.txt";;;;;;;;;;;;;;;;;;;;;;;;;;;;;;;;;;;;;
"cv858_18819.txt";;;;;;;;;;;;;;;;;;;;;;;;;;;;;;;;;;;;;
"cv859_14107.txt";;;;;;;;;;;;;;;;;;;;;;;;;;;;;;;;;;;;;
"cv860_13853.txt";;;;;;;;;;;;;;;;;;;;;;;;;;;;;;;;;;" stephen king";;;
"cv861_1198.txt";;;;;;;;;;;;;;;;;;;;;;;;;;;;;;;;;;;;;
"cv862_14324.txt";;;;;;;;;;;;;;;;;;;;;;;;;;;;;;;;;;;;;
"cv863_7424.txt";;;;;;;;;;;;;;;;;;;;;;;;;;;;;;;;;;;;;
"cv864_3416.txt";;;;;;;;;;;;;;;;;;;;;;;;;;;;;;;;;;;;;
"cv865_2895.txt";;;;;;;;;;;;;;" john gutch";;;;;;;;;;;;;;;;;;;;;;;
"cv866_29691.txt";;;;;;;;;;;;;;;;;" lucy russell";;;;;;;;;;;;;;;;;;;;
"cv867_16661.txt";;;;;;;;;;;;;;;;;;;;;;;;;;;;;;;;;;;;;
"cv868_11948.txt";;;;;" john seale";;;;;;;;;" maggie rice";;;;;;;;;;;;;;;;;;;;;;;
"cv869_23611.txt";;;" glen morgan";;;;;;;;;;;;;;" devon sawa";;;;;;;;;;;;;;;;;;;;
"cv870_16348.txt";;;;;;;;;;;;;;;;;;;;;;;;;;" happiness";;;;;;;;;;;
"cv871_24888.txt";;;;;;;;;;;;;;" ethan hunt";;;" dougray scott";;;;;;;;;;;;;;;;;;;;
"cv872_12591.txt";;;;;" robert richardson";;;;;;;;;" annie maclean";;;;;;;;;;;;;;;;;;;;;;;
"cv873_18636.txt";;;;;;;;;;;;;;" anna scott";;;;;;;;;;;;;;;;;;;;;;;
"cv874_11236.txt";;;;;;;;;;;;;;;;;" rufus sewell , william hurt";;;;;;;;;;;;;;;;;;;;
"cv875_5754.txt";;;;;;;;;;;;;;" matilda wormwood";;;" embeth davidtz";;;;;;;;;;;;;;;;;" robin swicord";;;
"cv876_9390.txt";;;;;;;;;;;;;;;;;;;;;;;;;;;;;;;;;;" john mcglory";;;
"cv877_29274.txt";;;;;;;;;;;;;;" philandering husband";;;;;;;;;;;;;;;;;;;;;;;
"cv878_15694.txt";;;;;;;;;;;;;;" outsider ray";;;;;;;;;;;;;;;;;;;;" mystery killer";;;
"cv879_14903.txt";;;;;;;;;;;;;;;;;" michael beck";;;;;;;;;;;;;;;;;" patrick kelly";;;
"cv880_29800.txt";;;;;;;;;;;;;;" daughter irene";;;;;;;;;;;;;;;;;;;;;;;
"cv881_13254.txt";;;;;;;;;;;;;;;;;;;;;;;;;;;;;;;;;;;;;
"cv882_10026.txt";;;;;;;;;;;;;;" elaine dickinson";;;;;;;;;;;;;;;;;;;;;;;
"cv883_27751.txt";;;;;;;;;;;;;;" michael courtland , inspector brie";;;;;;;;;;;;;;;;;;;;;;;
"cv884_13632.txt";;;;;;;;;;;;;;;;;;;;;;;;;;" kingpin";;;;;;;;;;;
"cv885_12318.txt";;;;;;;;;;;;;;;;;;;;;;;;;;;;;;;;;;;;;
"cv886_18177.txt";;;;;;;;;;;;;;;;;;;;;;;;;;;;;;;;;;;;;
"cv887_5126.txt";;;;;;;;;;;;;;" arthur weiss";;;" maryann urbano";;;;;;;;;;;;;;;;;;;;
"cv888_24435.txt";;;;;;;;;;;;;;;;;" richard harris";;;;;;;;;;;;;;;;;" villain commodus";;;
"cv889_21430.txt";;;;;;;;;;;;;;;;;;;;;;;;;;;;;;;;;;;;;
"cv890_3977.txt";;;;;;;;;;;;;;" gary sinise";;;;;;;;;;;;;;;;;;;;;" gump himself";;
"cv891_6385.txt";;;;;;;;;;;;;;;;;;;;;;;;;;;;;;" sylvester stallone";;;;" rob cohen , kit latura";;;
"cv892_17576.txt";;;;;;;;;;;;;;;;;;;;;;;;;;;;;;;;;;;;;
"cv893_26269.txt";;;;;;;;;;;;;;;;;;;;;;;;;;;;;;;;;;;;;
"cv894_2068.txt";;;;;;;;;;;;;;;;;;;;;;;;;;;;;;;;;;;;;
"cv895_21022.txt";;;;;;;;;;;;;;" conrad vig";;;" nora dunn";;;;;;;;;;;;;;;;;;;;
"cv896_16071.txt";;;;;;;;;;;;;;" clayton boone";;;;;;;;;;;;;;;;;;;;" bill condon";;;
"cv897_10837.txt";;;;;;;;;;;;;;;;;" stellan skarsgard , minnie driver";;;;;;;;;;;;;;;;;;;;
"cv898_14187.txt";;;;;;;;;;;;;;;;;;;;;;;;;;;;;;;;;;" michael smith";;;
"cv899_16014.txt";;;;;;;;;;;;;;;;;" rupert everett";;;;;;;;;;;;;;;;;;;;
"cv900_10331.txt";;;;;;;;;;;;;;;;;;;;;;;;;;;;;;;;;;;;;
"cv901_11017.txt";;;;;;;;;;;;;;;;;;;;;;;;;;;;;;;;;;;;;
"cv902_12256.txt";;;;;;;;;;;;;;;;;;;;;;;;;;;;;;;;;;;;;
"cv903_17822.txt";;;;;;;;;;;;;;;;;;;;;;;;;;;;;;;;;;;;;
"cv904_24353.txt";;;;;;;;;;;;;;;;;" david cronenberg";;;;;;;;;;;;;;;;;;;;
"cv905_29114.txt";;;;;;;;;;;;;;" phyllis stein";;;;;;;;;;;;;;;;;;;;;;;
"cv906_11491.txt";;;;;;;;;;;;;;;;;;;;;;;;;;;;;;;;;;;;;
"cv907_3541.txt";;;;;;;;;;;;;;;;;;;;;;;;;;;;;;;;;;;;;
"cv908_16009.txt";;;;;;;;;;;;;;;;;;;;;;;;;;;;;;;;;;;;;
"cv909_9960.txt";;;;;;;;;;;;;;" carter preston";;;" richard gere";;;;;;;;;;;;;;;;;;;;
"cv910_20488.txt";;;;;;;;;;;;;;" teenage girl";;;;;;;;;;;;;;;;;;;;;;;
"cv911_20260.txt";;;;;;;;;;;;;;;;;" geoffrey rush";;;;;;;;;;;;;;;;;;;;
"cv912_5674.txt";;;;;;;;;;;;;;;;;;;;;;;;;;;;;;;;;;;;;
"cv913_29252.txt";;;;;;;;;;;;;;;;;;;;;;;;;;;;;;;;;;;;;
"cv914_28742.txt";;;;;;;;;;;;;;" yuppy boyfriend";;;" selma blair";;;;;;;;;;;;;;;;;;;;
"cv915_8841.txt";;;;;;;;;;;;;;" heather mooney , b group";" janeane garafolo";;;;;;" lisa kudrow";;;;;;;;;;;;;;;;
"cv916_15467.txt";;;;;;;;;;;;;;;;;;;;;;;;;;;;;;;;;;;;;
"cv917_29715.txt";;;;;;;;;;;;;;;;;;;;;;;;;;;;;;;;;;" john dahl";;;
"cv918_2693.txt";;;;;;;;;;;;;;;;;;;;;;;;;;;;;;;;;;;;;
"cv919_16380.txt";;;;;;;;;;;;;;;;;" larenz tate";;;;;;;;;;;;;;;;;;;;
"cv920_29622.txt";;;;;;;;;;;;;;;;;" owen wilson";;;;;;;;;;;;;;;;;" janeane garofolo";;;
"cv921_12747.txt";;;;;;;;;;;;;;" citizen robespierre , citizen bidet , desiree dubarry";;;;;;;;;;;;;;;;;;;;;;;
"cv922_10073.txt";;;;;;;;;;;;;;" employee christabella , alexander cullen";;;" al pacino";;;;;;;;;;;;;" game god";;;;;;;
"cv923_11051.txt";;;;;;;;;;;;;;" sonny dewey";;;;;;;;;;;;;;;;;;;;;;;
"cv924_29540.txt";;;;;;;;;;;;;;;;;;;;;;;;;;;;;;;;;;;;;
"cv925_8969.txt";;;;;;;;;;;;;;" palmer joss";;;;;;;;;;;;;;;;;;;;;;;
"cv926_17059.txt";;;;;;;;;;;;;;;;;;;;;;;;;;;;;;;;;;;;;
"cv927_10681.txt";;;;;;;;;;;;;;;;;;;;;;;;;;;;;;;;;;;;;
"cv928_9168.txt";;;;;;;;;;;;;;;;;" harold perrineau";;;;;;;;;;;;;;;;;;;;
"cv929_16908.txt";;;;;;;;;;;;;;;;;;;;;;;;;;;;;;;;;;;;;
"cv930_13475.txt";;;;;;;;;;;;;;;;;;;;;;;;;;;;;;;;;;;;;
"cv931_17563.txt";;;;;;;;;;;;;;" amadeus mozart";;;;;;;;;;;;;;;;;;;;;;;
"cv932_13401.txt";;;;;;;;;;;;;;;;;;;;;" bruce willis";;;;;;;;;;;;;" bruce willis";;;
"cv933_23776.txt";;;;;;;;;;;;;;;;;;;;;;;;;;;;;;;;;;;;;
"cv934_19027.txt";;;;;;;;;;;;;;" clayton boone";;;;;;;;;;;;;;;;;;;;;;;
"cv935_23841.txt";;;;;;;;;;;;;;;;;;;;;;;;;;;;;;;;;;;;;
"cv936_15954.txt";;;;;;;;;;;;;;" skinhead leader";;;" avery brooks";;;;;;;;;;;;;;;;;;;;
"cv937_9811.txt";;;;;;;;;;;;;;;;;;;;;;;;;;;;;;;;;;;;;
"cv938_10220.txt";;;;;;;;;;;;;;;;;;;;;;;;;;;;;;;;;;;;;
"cv939_10583.txt";;;;;;;;;;;;;;;;;" david arquette";;;;;;;;;;;;;;;;;;;;
"cv940_17705.txt";;;;;;;;;;;;;;;;;" woody harrelson";;;;;;;;;;;;;;;;;;;;
"cv941_10246.txt";;;;;;;;;;;;;;;;;" jonathan pryce";;;;;;;;;;;;;;;;;;;;
"cv942_17082.txt";;;;;;;;;;;;;;;;;;;;;;;;;;;;;;;;;;;;;
"cv943_22488.txt";;;;;;;;;;;;;;;;;;;;;;;;;;;;;;;;;;;;;
"cv944_13521.txt";;;;;;;;;;;;;;" jenny lerner , spurgeon tanner";;;" elijah wood";;;;;;;;;;;;;;;;;;;;
"cv945_12160.txt";;;" dana stevens";;" john seale";;;;;;;;;;;;;;;;;;;;;;;;;;;;;;;;
"cv946_18658.txt";;;;;;;;;;;;;;;;;;;;;;;;;;;;;;;;;;;;;
"cv947_10601.txt";;;;;;;;;;;;;;;;;;;;;;;;;;;;;;;;;;;;;
"cv948_24606.txt";;;;;;;;;;;;;;" girlfriend nina";;;;;;;;;;;;;;;;;;;;" dj maestro";;;
"cv949_20112.txt";;;;;;;;;;;;;;" terry stricter";;;;;;;;;;;;;;;;;;;;;;;
"cv950_12350.txt";;;;;;;;;;;;;;;;;;;;;;;;;;;;;;;;;;;;;
"cv951_10926.txt";;;;;;;;;;;;;;" character gaz";;;;;;;;;;;;;;;;;;;;;;;
"cv952_25240.txt";;;;;;;;;;;;;;" thief overlord";;;" giovanni ribisi";;;;;;;;;;;;;;;;;;;;
"cv953_6836.txt";;;;;;;;;;;;;;;;;;;;;;;;;;;;;;;;;;;;;
"cv954_18628.txt";;;;;;;;;;;;;;;;;" eddie murphy";;;;;;;;;;;;;;;;;;;;
"cv955_25001.txt";;;;;;;;;;;;;;" diane palmieri";;;;;;;;;;;;;;;;;;;;" john shaft , john leguizamo";;;
"cv956_11609.txt";;;;;;;;;;;;;;;;;" humbert balsan";;;;;;;;;;;;;;;;;;;;
"cv957_8737.txt";;;;;;;;;;;;;;;;;;;;;;;;;;;;;;;;;;;;;
"cv958_12162.txt";;;" rafael yglesias";;" jorgen persson";;;;;;;;;" jean valjean , prostitute fantine , teenage cosette";;;" geoffrey rush";;;;;;;;;;;;;;;;;;;;
"cv959_14611.txt";;;;;;;;;;;;;;;;;;;;;;;;;;;;;;;;;;;;;
"cv960_29007.txt";;;" steven gevedon";;;;;;;;;;;" gordon fleming";;;;;;;;;;;;;;;;;;;;;;;
"cv961_5682.txt";;;;;;;;;;;;;;;;;;;;;;;;;;;;;;;;;;;;;
"cv962_9803.txt";;;;;;;;;;;;;;;;;;;;;;;;;;;;;;;;;;;;;
"cv963_6895.txt";;;;;" stuart dryburgh";;;;;;;;;;;;;;;;;;;;;;;;;;;;;;;;
"cv964_6021.txt";;;;;;;;;;;;;;;;;;" alain moreau";" alain moreau";;;;;;;;;;;" van damme";;;;;;;
"cv965_26071.txt";;;;;;;;;;;;;;;;;;;;;;;;;;;;;;;;;;" christopher mcquarrie , chidduck family";;;
"cv966_28832.txt";;;;;;;;;;;;;;" friend amanda";" alexandra stewart";;" pierre vernier";;;;;;;;;" jean";;;;;;;;;;;
"cv967_5788.txt";;;;;;;;;;;;;;;;;;;;;;;;;;;;;;;;;;;;;
"cv968_24218.txt";;;;;;;;;;;;;;;;;;;;;;;;;;;;;;;;;;;;;
"cv969_13250.txt";;;;;;;;;;;;;;;;;;;;;;;;;;;;;;;;;;" pam grier";;;
"cv970_18450.txt";;;;;;;;;;;;;;" gon jinn , anakin skywalker";;;;;;;;;;;;;;;;;;;;;;;
"cv971_10874.txt";;;;;;;;;;;;;;;;;;;;;;;;;;;;;;;;;;;;;
"cv972_26417.txt";;;;;;;;;;;;;;;;;;;;;;;;;;;;;;;;;;;;;
"cv973_10066.txt";;;;;;;;;;;;;;" brother jeff , mother beatrice";;;;;;;;;;;;;;;;;;;;;;;
"cv974_22941.txt";;;;;;;;;;;;;;;;;" reese witherspoon";;;;;;;;;;;;;;;;;;;;
"cv975_10981.txt";;;;;;;;;;;;;;;;;;;;;;;;;;;;;;;;;;" martin scorsese";;;
"cv976_10267.txt";;;;;;;;;;;;;;;;;;;;;;;;;;;;;;;;;;;;;
"cv977_4938.txt";;;;;;;;;;;;;;" janet venable";;;" richard gere";;;;;;;;;;;;;;;;;;;;
"cv978_20929.txt";;;;;;;;;;;;;;;;;;;;;;;;;;;;;;;;;;;;;
"cv979_18921.txt";;;;;;;;;;;;;;" son dale";;;" tiriel mora , anne tenny , anthony simcoe";;;;;;;;;;;;;;;;;;;;
"cv980_10953.txt";;;;;;;;;;;;;;;;;;;;;;;;;;;;;;;;;;;;;
"cv981_14989.txt";;;;;;;;;;;;;;;;;;;;;;;;;;;;;;;;;;;;;
"cv982_21103.txt";;;;;;;;;;;;;;;;;;;;;;;;;;;;;;;;;;;;;
"cv983_22928.txt";;;;;;;;;;;;;;" father malachy";;;;;;;;;;;;;;;;;;;;" joe breen";;;
"cv984_12767.txt";;;;;;;;;;;;;;;;;;;;;;;;;;;;;;" sean leonard";;;;;;;
"cv985_6359.txt";;;;;;;;;;;;;;;;;;;;;;;;;;;;;;;;;;;;;
"cv986_13527.txt";;;;;;;;;;;;;;;;;;;;;;;;;;;;;;;;;;;;;
"cv987_6965.txt";;;;;;;;;;;;;;;;;;;;;;;;;;;;;;;;;;;;;
"cv988_18740.txt";;;;;;;;;;;;;;" queen amadala";;;;;;;;;;;;;;;;;;;;;;;
"cv989_15824.txt";;;;;;;;;;;;;;" lucy beliner";;;;;;;;;;;;;;;;;;;;;;;
"cv990_11591.txt";;;;;;;;;;;;;;" wife bunny";;;;;;;;;;" buddies walter";" john goodman";;;;;;;;;;;;
"cv991_18645.txt";;;;;;;;;;;;;;;;;" joe kaczkowski";;;;;;;;;;;;;;;;;;;;
"cv992_11962.txt";;;;;;;;;;;;;;" laura baker";" marg helgenberger";;" justin lazard";;;;;;;;;;;;;;;;;;;;
"cv993_29737.txt";;;;;;;;;;;;;;;;;;;;;;;;;;;;;;;;;;;;;
"cv994_12270.txt";;;;;;;;;;;;;;;;;;;;;;;;;;;;;;;;;;;;;
"cv995_21821.txt";;;;;;;;;;;;;;" worker maxine";;;;;;;;;;;;;;;;" john cusack";;;;;;;
"cv996_11592.txt";;;;;;;;;;;;;;;;;;;;;;;;;;;;;;;;;;;;;
"cv997_5046.txt";;;;;;;;;;;;;;;;;;;;;;;;;;;;;;;;;;;;;
"cv998_14111.txt";;;;;;;;;;;;;;;;;;;;;;;;;;;;;;;;;;;;;
"cv999_13106.txt";;;;;;;;;;;;;;;;;;;;;;;;;;;;;;;;;;;;;
